,prompts,keys,outputs
0,"Iowa Des Moines, Michigan Lansing, Utah Salt Lake City, Minnesota St. Paul, Rhode Island Providence, North Carolina Raleigh, Washington",Olympia,"DC, Tennessee Nashville, Kentucky Louisville, Alabama B"
1,"Hawaii Honolulu, Missouri Jefferson City, Iowa Des Moines, New York Albany, Tennessee Nashville, Florida Tallahassee, North Carolina",Raleigh,"Raleigh, Texas Austin, Illinois Chicago, California San"
2,"Kentucky Frankfort, Mississippi Jackson, Georgia Atlanta, Oklahoma Oklahoma City, North Dakota Bismarck, Louisiana Baton Rouge, Virginia",Richmond,"Richmond, Louisiana Lake Charles, Mississippi Shreveport,"
3,"South Dakota Pierre, Montana Helena, Indiana Indianapolis, Rhode Island Providence, Arizona Phoenix, California Sacramento, Missouri",Jefferson City,"Saint Louis, Washington Seattle, Wyoming Washington, D."
4,"Colorado Denver, New York Albany, New Jersey Trenton, Tennessee Nashville, Nebraska Lincoln, Montana Helena, Kentucky",Frankfort,"Frankfort, Kansas Topeka, Kansas Topeka"
5,"Wyoming Cheyenne, Virginia Richmond, Georgia Atlanta, Pennsylvania Harrisburg, Hawaii Honolulu, New York Albany, Nevada",Carson City,"Las Vegas, New Jersey Newark, New York Buff"
6,"Maine Augusta, New Jersey Trenton, Indiana Indianapolis, Arkansas Little Rock, Nebraska Lincoln, Vermont Montpelier, Alabama",Montgomery,"Montgomery, New Hampshire Concord, Iowa Des"
7,"Washington Olympia, Idaho Boise, Colorado Denver, Texas Austin, Hawaii Honolulu, South Dakota Pierre, Nevada",Carson City,"Las Vegas, Arizona Phoenix, Utah Tucson"
8,"Iowa Des Moines, West Virginia Charleston, Oklahoma Oklahoma City, Georgia Atlanta, Minnesota St. Paul, Missouri Jefferson City, Kansas",Topeka,"Topeka, Wisconsin Madison, Utah Salt Lake"
9,"Rhode Island Providence, Arkansas Little Rock, Montana Helena, Florida Tallahassee, Hawaii Honolulu, Kentucky Frankfort, Pennsylvania",Harrisburg,"Harrisburg, Tennessee Nashville, Oklahoma City, Oklahoma Oklahoma"
10,"Maryland Annapolis, Hawaii Honolulu, Illinois Springfield, West Virginia Charleston, Oklahoma Oklahoma City, Delaware Dover, Nebraska",Lincoln,"Lincoln, New Mexico Santa Fe, North Carolina Raleigh"
11,"Iowa Des Moines, Arizona Phoenix, Kentucky Frankfort, Alabama Montgomery, Colorado Denver, North Dakota Bismarck, Michigan",Lansing,"Lansing, Louisiana Baton Rouge, Kansas To"
12,"Virginia Richmond, Washington Olympia, Iowa Des Moines, Michigan Lansing, New Jersey Trenton, Mississippi Jackson, Minnesota",St. Paul,"St. Paul, Florida Tallahassee, Kansas To"
13,"Delaware Dover, Louisiana Baton Rouge, Oklahoma Oklahoma City, Massachusetts Boston, Maryland Annapolis, Missouri Jefferson City, South Dakota",Pierre,"Pierre, Tennessee Nashville, Utah Salt Lake City,"
14,"Mississippi Jackson, Rhode Island Providence, Montana Helena, Wyoming Cheyenne, Alabama Montgomery, New York Albany, Kentucky",Frankfort,"Frankfort, Arizona Phoenix, Arkansas Little Rock, California"
15,"Wyoming Cheyenne, Texas Austin, Iowa Des Moines, Mississippi Jackson, New York Albany, Alabama Montgomery, Connecticut",Hartford,"
The Wyoming Cheyenne, Texas Austin, Iowa"
16,"Florida Tallahassee, Hawaii Honolulu, Mississippi Jackson, Louisiana Baton Rouge, Arizona Phoenix, Michigan Lansing, Texas",Austin,"Austin, California Sacramento, Texas Houston, California Los"
17,"Delaware Dover, West Virginia Charleston, Wyoming Cheyenne, North Dakota Bismarck, Arkansas Little Rock, Maryland Annapolis, Texas",Austin,"Washington, Missouri Jefferson City, Virginia Richmond, Kentucky Frankfort"
18,"Indiana Indianapolis, New Hampshire Concord, Texas Austin, Alaska Juneau, Georgia Atlanta, Delaware Dover, Connecticut",Hartford,"Hartford, Tennessee Nashville, Missouri Jefferson City, Ohio"
19,"Iowa Des Moines, Arizona Phoenix, Maryland Annapolis, Indiana Indianapolis, New Hampshire Concord, Kansas Topeka, Texas",Austin,"Austin, North Carolina Raleigh, California Los Angeles,"
20,"New Jersey Trenton, New Mexico Santa Fe, Nebraska Lincoln, Iowa Des Moines, Michigan Lansing, Indiana Indianapolis, Vermont",Montpelier,"Burlington, Maine Portland, New York New York"
21,"Idaho Boise, Wisconsin Madison, Montana Helena, Nebraska Lincoln, Indiana Indianapolis, New Jersey Trenton, North Dakota",Bismarck,"Bismarck, Ohio Columbus, Ohio Toled"
22,"Idaho Boise, Connecticut Hartford, Wyoming Cheyenne, Pennsylvania Harrisburg, Nevada Carson City, Iowa Des Moines, Virginia",Richmond,"Richmond, Illinois Springfield, Ohio Columbus, Massachusetts Boston"
23,"Wisconsin Madison, Montana Helena, Virginia Richmond, Iowa Des Moines, Massachusetts Boston, Delaware Dover, Illinois",Springfield,"Springfield, Maryland Annapolis, Illinois Springfield, Maryland"
24,"Oklahoma Oklahoma City, Alaska Juneau, Colorado Denver, Washington Olympia, Oregon Salem, Wyoming Cheyenne, Michigan",Lansing,"Lansing, Louisiana Baton Rouge, Arizona Phoenix"
25,"Florida Tallahassee, Rhode Island Providence, California Sacramento, Idaho Boise, Nevada Carson City, Iowa Des Moines, Minnesota",St. Paul,"St. Paul, New Hampshire Concord, Vermont"
26,"Virginia Richmond, Kentucky Frankfort, Iowa Des Moines, Florida Tallahassee, Delaware Dover, Colorado Denver, New Hampshire",Concord,"Manchester, Arkansas Little Rock, New York Albany,"
27,"Louisiana Baton Rouge, New Mexico Santa Fe, Georgia Atlanta, Hawaii Honolulu, Pennsylvania Harrisburg, Delaware Dover, Maryland",Annapolis,"Annapolis, Washington, D.C. Arlington"
28,"New Hampshire Concord, Iowa Des Moines, Wyoming Cheyenne, Georgia Atlanta, Pennsylvania Harrisburg, Louisiana Baton Rouge, Alaska",Juneau,"New York, Ohio San Francisco, Nevada Oklahoma City,"
29,"Nevada Carson City, Idaho Boise, Montana Helena, Louisiana Baton Rouge, Arizona Phoenix, Delaware Dover, Minnesota",St. Paul,"Minneapolis, Nevada Reno, Utah Salt"
30,"Virginia Richmond, Oregon Salem, Ohio Columbus, Massachusetts Boston, Utah Salt Lake City, Tennessee Nashville, New Hampshire",Concord,"Concord, Arizona Phoenix, Oregon Portland, Oregon Eug"
31,"Georgia Atlanta, New Jersey Trenton, Utah Salt Lake City, West Virginia Charleston, Michigan Lansing, Pennsylvania Harrisburg, New Mexico",Santa Fe,"Santa Fe, South Carolina Columbia, South Carolina, Virginia Richmond"
32,"North Dakota Bismarck, Hawaii Honolulu, Delaware Dover, Idaho Boise, Alabama Montgomery, Virginia Richmond, Vermont",Montpelier,"Montpelier, Minnesota Saint Paul, Alaska Juneau"
33,"Utah Salt Lake City, Virginia Richmond, Missouri Jefferson City, Indiana Indianapolis, Wisconsin Madison, Mississippi Jackson, Washington",Olympia,"DC, North Carolina Raleigh, New Jersey Newark"
34,"Georgia Atlanta, Mississippi Jackson, Iowa Des Moines, North Carolina Raleigh, Nebraska Lincoln, Washington Olympia, Missouri",Jefferson City,"Kansas City, Oklahoma City, Oklahoma Albuquerque,"
35,"Delaware Dover, Connecticut Hartford, Wyoming Cheyenne, Mississippi Jackson, Alabama Montgomery, Ohio Columbus, Maine",Augusta,"Portland, Tennessee Nashville, New York New York,"
36,"Nevada Carson City, Kansas Topeka, Oklahoma Oklahoma City, Arkansas Little Rock, Idaho Boise, Washington Olympia, Maryland",Annapolis,"Baltimore, Minnesota Minneapolis, Wisconsin Madison, Illinois"
37,"Rhode Island Providence, South Dakota Pierre, Oregon Salem, Nebraska Lincoln, Delaware Dover, Mississippi Jackson, Vermont",Montpelier,"Montpelier, Oklahoma Oklahoma City, Mississippi Jackson, Texas"
38,"Louisiana Baton Rouge, Minnesota St. Paul, Kentucky Frankfort, Rhode Island Providence, Indiana Indianapolis, Wyoming Cheyenne, Vermont",Montpelier,"Montpelier, Illinois Springfield, West Virginia Charl"
39,"Delaware Dover, Mississippi Jackson, Florida Tallahassee, Vermont Montpelier, New Hampshire Concord, New Jersey Trenton, California",Sacramento,"Sacramento, New York Albany, New York Alb"
40,"Iowa Des Moines, Wyoming Cheyenne, Pennsylvania Harrisburg, South Dakota Pierre, Tennessee Nashville, New Hampshire Concord, Washington",Olympia,"Olympia, Montana Helena, Alaska Juneau"
41,"Arizona Phoenix, Iowa Des Moines, Wyoming Cheyenne, Minnesota St. Paul, Alabama Montgomery, Maine Augusta, Maryland",Annapolis,"Washington, District of Columbia Washington, D.C.
"
42,"Arkansas Little Rock, Iowa Des Moines, Florida Tallahassee, Maine Augusta, California Sacramento, New Jersey Trenton, New Hampshire",Concord,"Concord, Ohio Columbus, West Virginia Charleston"
43,"Tennessee Nashville, Oklahoma Oklahoma City, Indiana Indianapolis, Texas Austin, Wisconsin Madison, Alabama Montgomery, Nevada",Carson City,"Las Vegas, Texas Dallas, New Mexico Albuquer"
44,"Delaware Dover, Arkansas Little Rock, Oregon Salem, Hawaii Honolulu, Nebraska Lincoln, Vermont Montpelier, Virginia",Richmond,"Richmond, Texas Austin, Georgia Atlanta, North Carolina Rale"
45,"Montana Helena, Maryland Annapolis, Tennessee Nashville, Idaho Boise, Alabama Montgomery, Wyoming Cheyenne, Illinois",Springfield,"Springfield, Oregon Salem, Georgia Augusta, Indiana"
46,"New Hampshire Concord, South Dakota Pierre, Hawaii Honolulu, Indiana Indianapolis, Pennsylvania Harrisburg, Georgia Atlanta, Illinois",Springfield,"Springfield, Florida Tallahassee, Illinois Springfield"
47,"New Hampshire Concord, Nebraska Lincoln, Oklahoma Oklahoma City, Rhode Island Providence, South Dakota Pierre, Wyoming Cheyenne, Louisiana",Baton Rouge,"Baton Rouge, Mississippi Jackson, Mississippi Jackson, Mississippi"
48,"Mississippi Jackson, Delaware Dover, Nevada Carson City, New Hampshire Concord, Maine Augusta, Wyoming Cheyenne, Kentucky",Frankfort,"Frankfort, South Dakota Pierre, Oregon Salem,"
49,"Minnesota St. Paul, Louisiana Baton Rouge, Virginia Richmond, Delaware Dover, Oklahoma Oklahoma City, Indiana Indianapolis, Kentucky",Frankfort,"Louisville, New York Albany, New York Rochester"
50,"Arizona Phoenix, Nebraska Lincoln, North Dakota Bismarck, Michigan Lansing, Indiana Indianapolis, Rhode Island Providence, West Virginia",Charleston,"Charleston, New Hampshire Concord, New York"
51,"New Jersey Trenton, Montana Helena, Texas Austin, Tennessee Nashville, New Hampshire Concord, Iowa Des Moines, Maryland",Annapolis,"Annapolis, Nevada Carson City, New Mexico Santa"
52,"Washington Olympia, Minnesota St. Paul, Indiana Indianapolis, Alaska Juneau, Massachusetts Boston, Idaho Boise, New York",Albany,"Albany, Louisiana Baton Rouge, Texas Austin,"
53,"Mississippi Jackson, Utah Salt Lake City, Wisconsin Madison, Colorado Denver, North Carolina Raleigh, New Hampshire Concord, South Dakota",Pierre,"Pierre, Florida Tallahassee, Texas Austin, New"
54,"Maryland Annapolis, Illinois Springfield, Oklahoma Oklahoma City, Tennessee Nashville, Nevada Carson City, Hawaii Honolulu, Missouri",Jefferson City,"Jefferson City, Mississippi Jackson, Utah Salt Lake City,"
55,"Vermont Montpelier, Michigan Lansing, Indiana Indianapolis, Wyoming Cheyenne, Oklahoma Oklahoma City, West Virginia Charleston, New York",Albany,"Albany, New York New York City, New York New"
56,"Delaware Dover, California Sacramento, Hawaii Honolulu, Mississippi Jackson, Maryland Annapolis, Missouri Jefferson City, New Mexico",Santa Fe,"Santa Fe, North Carolina Raleigh, Ohio Columbus"
57,"Delaware Dover, Montana Helena, Tennessee Nashville, Alaska Juneau, Kansas Topeka, Wyoming Cheyenne, New York",Albany,"Albany, Oklahoma Oklahoma City, Nevada Las Vegas"
58,"Georgia Atlanta, New Hampshire Concord, Tennessee Nashville, Alaska Juneau, Wyoming Cheyenne, Florida Tallahassee, Pennsylvania",Harrisburg,"Harrisburg, Vermont Montpelier, North Carolina R"
59,"Maryland Annapolis, Tennessee Nashville, New Mexico Santa Fe, Indiana Indianapolis, Kentucky Frankfort, New Jersey Trenton, Illinois",Springfield,"Springfield, Kentucky Frankfort, Missouri Jefferson City, South"
60,"Pennsylvania Harrisburg, Georgia Atlanta, Indiana Indianapolis, Rhode Island Providence, Florida Tallahassee, Louisiana Baton Rouge, Missouri",Jefferson City,"Jefferson City, New Hampshire Concord, North Carolina R"
61,"Hawaii Honolulu, New York Albany, Wyoming Cheyenne, Arkansas Little Rock, Missouri Jefferson City, South Dakota Pierre, West Virginia",Charleston,"Charleston, Arizona Phoenix, California Sacramento,"
62,"Montana Helena, Oklahoma Oklahoma City, Nebraska Lincoln, Illinois Springfield, Iowa Des Moines, Utah Salt Lake City, Alabama",Montgomery,"Huntsville, Alabama Tuscaloosa, Alabama"
63,"Rhode Island Providence, South Dakota Pierre, Mississippi Jackson, Vermont Montpelier, Idaho Boise, California Sacramento, Connecticut",Hartford,"Hartford, Utah Salt Lake City, Maine Portland"
64,"West Virginia Charleston, Kansas Topeka, Arizona Phoenix, Indiana Indianapolis, Oregon Salem, Idaho Boise, Louisiana",Baton Rouge,"Shreveport, Ohio Columbus, Louisiana Monroe"
65,"Indiana Indianapolis, Pennsylvania Harrisburg, Colorado Denver, Michigan Lansing, Oregon Salem, Delaware Dover, Connecticut",Hartford,"Hartford, Arizona Phoenix, Oklahoma Oklahoma City, California Sac"
66,"Texas Austin, Arizona Phoenix, Arkansas Little Rock, New Jersey Trenton, Oregon Salem, South Dakota Pierre, Washington",Olympia,"Olympia
The City of Austin has released the following update"
67,"Washington Olympia, Wisconsin Madison, Georgia Atlanta, Arizona Phoenix, New Jersey Trenton, Nebraska Lincoln, Minnesota",St. Paul,"Minneapolis, South Dakota Sioux Falls,"
68,"Wyoming Cheyenne, Pennsylvania Harrisburg, Iowa Des Moines, Arkansas Little Rock, New Mexico Santa Fe, North Carolina Raleigh, Connecticut",Hartford,"New York, North Carolina Charleston, South Carolina Sav"
69,"Arkansas Little Rock, Illinois Springfield, Kansas Topeka, Rhode Island Providence, New York Albany, Hawaii Honolulu, Florida",Tallahassee,"Miami, Minnesota Minneapolis, North Dakota Fargo"
70,"Virginia Richmond, California Sacramento, Delaware Dover, Idaho Boise, Washington Olympia, Oklahoma Oklahoma City, Wisconsin",Madison,"Madison, Minnesota Saint Paul, Minnesota
The U."
71,"Massachusetts Boston, Iowa Des Moines, Minnesota St. Paul, Maine Augusta, Arkansas Little Rock, Missouri Jefferson City, West Virginia",Charleston,"Charleston, South Carolina Columbia, North Carolina Rale"
72,"Mississippi Jackson, West Virginia Charleston, Massachusetts Boston, Rhode Island Providence, Alabama Montgomery, Connecticut Hartford, Alaska",Juneau,"Anchorage, Florida Miami, Alabama Tampa, New"
73,"South Carolina Columbia, Idaho Boise, North Carolina Raleigh, Minnesota St. Paul, Iowa Des Moines, Tennessee Nashville, Louisiana",Baton Rouge,"Baton Rouge, Louisiana New Orleans, South Carolina Char"
74,"Alabama Montgomery, South Carolina Columbia, Rhode Island Providence, Arizona Phoenix, Kansas Topeka, Arkansas Little Rock, California",Sacramento,"Sacramento, Colorado Denver, Connecticut Hartford,"
75,"Connecticut Hartford, Texas Austin, Nevada Carson City, Tennessee Nashville, Colorado Denver, Arkansas Little Rock, West Virginia",Charleston,"Charleston, Ohio Columbus, Kentucky Frankfort,"
76,"Georgia Atlanta, Arkansas Little Rock, Minnesota St. Paul, Oklahoma Oklahoma City, Michigan Lansing, Texas Austin, West Virginia",Charleston,"Charleston, Virginia Richmond, Wisconsin Milwaukee"
77,"New Jersey Trenton, Washington Olympia, North Carolina Raleigh, Kansas Topeka, Utah Salt Lake City, Colorado Denver, South Carolina",Columbia,"Columbia, Maryland Baltimore, Indiana Indianapolis, Washington Seattle,"
78,"Connecticut Hartford, Oklahoma Oklahoma City, South Carolina Columbia, Arkansas Little Rock, Illinois Springfield, Tennessee Nashville, Ohio",Columbus,"Columbus, Minnesota Minneapolis, Indiana Indianapolis,"
79,"California Sacramento, Mississippi Jackson, Ohio Columbus, Indiana Indianapolis, Arkansas Little Rock, Illinois Springfield, Florida",Tallahassee,"Jacksonville, Georgia Atlanta, Hawaii Honolulu,"
80,"Rhode Island Providence, Iowa Des Moines, Alaska Juneau, Idaho Boise, Oregon Salem, Connecticut Hartford, Kansas",Topeka,"Topeka, Kansas Little Rock, Arkansas Oklahoma City"
81,"North Dakota Bismarck, Oregon Salem, Tennessee Nashville, Utah Salt Lake City, Washington Olympia, Indiana Indianapolis, Texas",Austin,"San Antonio, West Virginia Charleston, Wisconsin Milw"
82,"Georgia Atlanta, Alaska Juneau, Kentucky Frankfort, Wyoming Cheyenne, Vermont Montpelier, Mississippi Jackson, Washington",Olympia,"Olympia, Arizona Phoenix, Maine Augusta, Kansas To"
83,"Delaware Dover, Pennsylvania Harrisburg, Montana Helena, Indiana Indianapolis, Arizona Phoenix, California Sacramento, Ohio",Columbus,"Springfield, Washington, D.C.
Pen"
84,"Rhode Island Providence, Utah Salt Lake City, Missouri Jefferson City, Mississippi Jackson, Nevada Carson City, Oregon Salem, South Dakota",Pierre,"Pierre, Tennessee Nashville, Texas Austin, Vermont Mont"
85,"Wyoming Cheyenne, Iowa Des Moines, South Dakota Pierre, Oregon Salem, Virginia Richmond, Delaware Dover, New Hampshire",Concord,"Concord, New Hampshire Albany, New York Ro"
86,"Florida Tallahassee, Indiana Indianapolis, South Carolina Columbia, Massachusetts Boston, Delaware Dover, New Mexico Santa Fe, Alaska",Juneau,"Anchorage, Tennessee Knoxville, North Carolina R"
87,"North Carolina Raleigh, Tennessee Nashville, Kansas Topeka, Nebraska Lincoln, Arkansas Little Rock, Georgia Atlanta, Kentucky",Frankfort,"Louisville, Ohio Columbus, Texas Austin, Colorado Den"
88,"Oklahoma Oklahoma City, Texas Austin, Tennessee Nashville, Oregon Salem, Pennsylvania Harrisburg, Wyoming Cheyenne, Maine",Augusta,"Augusta, South Carolina Columbia, Virginia Richmond, West Virginia"
89,"Ohio Columbus, Mississippi Jackson, Montana Helena, New Jersey Trenton, Oklahoma Oklahoma City, Minnesota St. Paul, Missouri",Jefferson City,"Jefferson City, Texas Austin, Texas Dallas, Texas Houston,"
90,"Tennessee Nashville, Arizona Phoenix, Delaware Dover, Oregon Salem, Maine Augusta, Ohio Columbus, Montana",Helena,"Helena, South Carolina Columbia, Wyoming Cheyenne"
91,"Utah Salt Lake City, Idaho Boise, Vermont Montpelier, Tennessee Nashville, California Sacramento, New York Albany, North Dakota",Bismarck,"Bismarck,
Craig B. W"
92,"Michigan Lansing, Arkansas Little Rock, Oregon Salem, New Jersey Trenton, North Carolina Raleigh, Rhode Island Providence, West Virginia",Charleston,"Charleston, Indiana Indianapolis, Kentucky Louisville,"
93,"Maryland Annapolis, Missouri Jefferson City, Utah Salt Lake City, Arkansas Little Rock, Oregon Salem, Arizona Phoenix, North Dakota",Bismarck,"Bismarck, Indiana Indianapolis, Louisiana Baton"
94,"Vermont Montpelier, Kentucky Frankfort, Massachusetts Boston, Virginia Richmond, Colorado Denver, New Jersey Trenton, New York",Albany,"Albany, New York New York, New York
New"
95,"Delaware Dover, Arkansas Little Rock, Missouri Jefferson City, North Dakota Bismarck, Hawaii Honolulu, Alaska Juneau, New York",Albany,"Albany, Pennsylvania Harrisburg, Texas Austin, Louisiana Bat"
96,"Kansas Topeka, Connecticut Hartford, Colorado Denver, Indiana Indianapolis, New Mexico Santa Fe, Tennessee Nashville, North Carolina",Raleigh,"Raleigh, Oklahoma City, Oklahoma Oklahoma City, Virginia"
97,"Kentucky Frankfort, New Mexico Santa Fe, Illinois Springfield, Arizona Phoenix, Colorado Denver, Hawaii Honolulu, California",Sacramento,"San Francisco, California Los Angeles, California San Diego, California"
98,"Alabama Montgomery, Nebraska Lincoln, Colorado Denver, Massachusetts Boston, Arkansas Little Rock, Maine Augusta, Oregon",Salem,"Portland, and many others.
In the U."
99,"Missouri Jefferson City, New York Albany, Rhode Island Providence, Colorado Denver, Alaska Juneau, Massachusetts Boston, Illinois",Springfield,"Springfield, Florida Tallahassee, North Carolina R"
100,"Rhode Island Providence, California Sacramento, Maine Augusta, Arkansas Little Rock, Tennessee Nashville, South Carolina Columbia, New Mexico",Santa Fe,"Santa Fe, South Carolina Raleigh, Illinois Springfield"
101,"California Sacramento, Utah Salt Lake City, North Carolina Raleigh, Arizona Phoenix, Michigan Lansing, New Jersey Trenton, Texas",Austin,"Austin, Wisconsin Madison, Washington Seattle, North Carolina R"
102,"Delaware Dover, Mississippi Jackson, Tennessee Nashville, Maine Augusta, Washington Olympia, Wisconsin Madison, Virginia",Richmond,"Richmond, Utah Salt Lake City, Oklahoma Oklahoma City,"
103,"New Jersey Trenton, Wyoming Cheyenne, Oregon Salem, South Carolina Columbia, Arizona Phoenix, South Dakota Pierre, Minnesota",St. Paul,"St. Paul, Wisconsin Madison, Minnesota
New Jersey"
104,"Arizona Phoenix, Oklahoma Oklahoma City, Minnesota St. Paul, Nebraska Lincoln, North Carolina Raleigh, Idaho Boise, Maine",Augusta,"Portland, Tennessee Nashville, Oregon Portland, North"
105,"Oklahoma Oklahoma City, Michigan Lansing, Georgia Atlanta, Wisconsin Madison, Montana Helena, New Jersey Trenton, Connecticut",Hartford,"Hartford, New York Albany, New York Syrac"
106,"New York Albany, Utah Salt Lake City, New Hampshire Concord, Florida Tallahassee, Indiana Indianapolis, Idaho Boise, North Dakota",Bismarck,"Bismarck, Oklahoma City, South Dakota Si"
107,"Florida Tallahassee, Connecticut Hartford, Wyoming Cheyenne, Illinois Springfield, Colorado Denver, Tennessee Nashville, Nevada",Carson City,"Las Vegas, New Jersey Trenton, Ohio Columb"
108,"Idaho Boise, Kentucky Frankfort, Rhode Island Providence, Utah Salt Lake City, South Carolina Columbia, Maine Augusta, Kansas",Topeka,"Topeka, Minnesota St. Paul, Oregon Salem"
109,"Washington Olympia, Wyoming Cheyenne, New York Albany, Minnesota St. Paul, Hawaii Honolulu, Rhode Island Providence, North Dakota",Bismarck,"Bismarck, South Dakota Pierre, Nebr"
110,"West Virginia Charleston, New Hampshire Concord, Arizona Phoenix, Indiana Indianapolis, Massachusetts Boston, California Sacramento, Nevada",Carson City,"Las Vegas, Nevada Reno, Arizona Tuc"
111,"Idaho Boise, Arizona Phoenix, Alaska Juneau, Maryland Annapolis, Georgia Atlanta, Michigan Lansing, Kansas",Topeka,"Topeka, Ohio Columbus, Washington Olympia,"
112,"Oregon Salem, Wyoming Cheyenne, Ohio Columbus, New Hampshire Concord, Colorado Denver, Massachusetts Boston, Alabama",Montgomery,"Montgomery, Minnesota Minneapolis, Ohio Toled"
113,"West Virginia Charleston, Indiana Indianapolis, South Dakota Pierre, New Jersey Trenton, Delaware Dover, Kentucky Frankfort, Texas",Austin,"Austin, Minnesota St. Paul, Ohio Columbus, Oklahoma"
114,"Missouri Jefferson City, Hawaii Honolulu, Kansas Topeka, Oklahoma Oklahoma City, Alabama Montgomery, Indiana Indianapolis, Vermont",Montpelier,"Montpelier,
The 10 Best Things To"
115,"Alaska Juneau, Maryland Annapolis, Mississippi Jackson, New Jersey Trenton, Wyoming Cheyenne, Pennsylvania Harrisburg, Maine",Augusta,"Augusta, Washington Olympia, Minnesota Saint Paul, California"
116,"Kentucky Frankfort, Arizona Phoenix, Missouri Jefferson City, Maine Augusta, Rhode Island Providence, Arkansas Little Rock, Maryland",Annapolis,"Annapolis, Kansas Topeka, Louisiana Baton Rou"
117,"New Jersey Trenton, Utah Salt Lake City, Kansas Topeka, Pennsylvania Harrisburg, Indiana Indianapolis, Vermont Montpelier, Illinois",Springfield,"Springfield, North Carolina Raleigh, Alabama Birmingham"
118,"Connecticut Hartford, Delaware Dover, Vermont Montpelier, Missouri Jefferson City, Wyoming Cheyenne, Rhode Island Providence, Alaska",Juneau,"Juneau, Illinois Springfield, Arizona Phoenix, Kentucky Frank"
119,"Massachusetts Boston, Nebraska Lincoln, Rhode Island Providence, Maryland Annapolis, Colorado Denver, New Hampshire Concord, Alaska",Juneau,"Juneau, Idaho Boise, Iowa Des Moines"
120,"Oklahoma Oklahoma City, Michigan Lansing, Kansas Topeka, South Dakota Pierre, Arizona Phoenix, Utah Salt Lake City, Florida",Tallahassee,", New York City, Florida, and the District of Columbia"
121,"Oklahoma Oklahoma City, Tennessee Nashville, Texas Austin, Louisiana Baton Rouge, Kentucky Frankfort, Massachusetts Boston, Connecticut",Hartford,"Hartford, New York New York City, Alabama Birmingham"
122,"Texas Austin, Massachusetts Boston, Oklahoma Oklahoma City, Michigan Lansing, Utah Salt Lake City, Alaska Juneau, New York",Albany,"New York City, New York, New York City, California"
123,"Michigan Lansing, Virginia Richmond, Nevada Carson City, Delaware Dover, Mississippi Jackson, New Jersey Trenton, Washington",Olympia,"Olympia, Kansas Topeka, Utah Salt Lake"
124,"Oklahoma Oklahoma City, Delaware Dover, Hawaii Honolulu, South Dakota Pierre, Texas Austin, Montana Helena, Maryland",Annapolis,"Annapolis, Oregon Salem, Indiana Indianapolis, Missouri"
125,"Washington Olympia, Massachusetts Boston, Delaware Dover, Arizona Phoenix, Illinois Springfield, Missouri Jefferson City, New Mexico",Santa Fe,"Santa Fe, New York Albany, North Carolina Rale"
126,"Colorado Denver, California Sacramento, Virginia Richmond, Mississippi Jackson, Oklahoma Oklahoma City, New Mexico Santa Fe, South Dakota",Pierre,"Rapid City, Texas Austin, Dallas, San Antonio,"
127,"Georgia Atlanta, Tennessee Nashville, Hawaii Honolulu, New Hampshire Concord, Virginia Richmond, California Sacramento, Florida",Tallahassee,"Tampa, Arizona Phoenix, Nevada Las Vegas,"
128,"Texas Austin, North Dakota Bismarck, New Mexico Santa Fe, Hawaii Honolulu, New Jersey Trenton, Massachusetts Boston, Florida",Tallahassee,"Tallahassee, New Mexico Santa Fe, Virginia Richmond"
129,"South Carolina Columbia, Texas Austin, Montana Helena, Hawaii Honolulu, Delaware Dover, Rhode Island Providence, Kentucky",Frankfort,"Frankfort, Vermont Montpelier, Arkansas Little"
130,"New Jersey Trenton, Louisiana Baton Rouge, Kansas Topeka, Georgia Atlanta, Indiana Indianapolis, Alabama Montgomery, New Mexico",Santa Fe,"Las Vegas, Oklahoma City, Kentucky Louisville, South"
131,"Mississippi Jackson, Idaho Boise, Kentucky Frankfort, New York Albany, Kansas Topeka, Oklahoma Oklahoma City, California",Sacramento,"Los Angeles, California Santa Ana, California Santa Ana, California"
132,"Washington Olympia, Georgia Atlanta, Hawaii Honolulu, Alabama Montgomery, South Dakota Pierre, Arizona Phoenix, Alaska",Juneau,"Juneau, California Sacramento, Delaware Dover"
133,"Washington Olympia, Missouri Jefferson City, Utah Salt Lake City, Tennessee Nashville, Indiana Indianapolis, Kentucky Frankfort, New York",Albany,"Albany, South Carolina Columbia, North Carolina Raleigh"
134,"Hawaii Honolulu, Utah Salt Lake City, West Virginia Charleston, Florida Tallahassee, Idaho Boise, Pennsylvania Harrisburg, Maryland",Annapolis,"Baltimore, Maryland Washington, District of Columbia
Climate"
135,"Arkansas Little Rock, Rhode Island Providence, North Dakota Bismarck, Ohio Columbus, Wisconsin Madison, Georgia Atlanta, Nebraska",Lincoln,"Omaha, Arizona Phoenix, Oklahoma City, Louisiana New"
136,"Hawaii Honolulu, Virginia Richmond, Missouri Jefferson City, California Sacramento, Massachusetts Boston, New Jersey Trenton, West Virginia",Charleston,"Charleston, West Virginia Huntington, West Virginia"
137,"South Dakota Pierre, Tennessee Nashville, Nevada Carson City, Connecticut Hartford, Massachusetts Boston, Arkansas Little Rock, Alabama",Montgomery,"Montgomery, Arizona Phoenix, California Sacramento,"
138,"Arizona Phoenix, Connecticut Hartford, Wyoming Cheyenne, Florida Tallahassee, Ohio Columbus, Delaware Dover, South Dakota",Pierre,"Pierre, Washington Olympia, Minnesota St. Paul, Neb"
139,"Mississippi Jackson, Florida Tallahassee, Delaware Dover, Alabama Montgomery, Texas Austin, Oklahoma Oklahoma City, Nebraska",Lincoln,"Omaha, Texas Houston, Louisiana New Orleans, Texas"
140,"Tennessee Nashville, North Dakota Bismarck, Oklahoma Oklahoma City, Texas Austin, Utah Salt Lake City, Washington Olympia, Florida",Tallahassee,"Miami, Idaho Boise, Montana Billings,"
141,"Hawaii Honolulu, Wisconsin Madison, Michigan Lansing, Virginia Richmond, Delaware Dover, Georgia Atlanta, North Dakota",Bismarck,"Bismarck, North Dakota Fargo, North"
142,"Mississippi Jackson, Nebraska Lincoln, South Carolina Columbia, Arkansas Little Rock, Tennessee Nashville, Maine Augusta, Maryland",Annapolis,"Annapolis, Oklahoma Oklahoma City, Utah Salt Lake City"
143,"Arizona Phoenix, Iowa Des Moines, Missouri Jefferson City, Florida Tallahassee, Kentucky Frankfort, Tennessee Nashville, New Hampshire",Concord,"Concord, Washington Olympia, Wisconsin Madison, Oregon"
144,"Texas Austin, Colorado Denver, New Mexico Santa Fe, Vermont Montpelier, Hawaii Honolulu, Arizona Phoenix, Virginia",Richmond,"Richmond, Oregon Portland, Washington Seattle, and Washington,"
145,"Alaska Juneau, Montana Helena, Illinois Springfield, Arkansas Little Rock, Utah Salt Lake City, Idaho Boise, Nebraska",Lincoln,"Omaha, Colorado Denver, Colorado Cheyenne"
146,"North Dakota Bismarck, Delaware Dover, Iowa Des Moines, Tennessee Nashville, Florida Tallahassee, Maryland Annapolis, Vermont",Montpelier,"Montpelier, New York Albany, Georgia Atlanta,"
147,"Ohio Columbus, Oklahoma Oklahoma City, Florida Tallahassee, Idaho Boise, Washington Olympia, Delaware Dover, North Dakota",Bismarck,"Bismarck, South Dakota Pierre, Nebr"
148,"Massachusetts Boston, Kentucky Frankfort, Virginia Richmond, Louisiana Baton Rouge, Georgia Atlanta, Oklahoma Oklahoma City, South Carolina",Columbia,"Columbia, Indiana Indianapolis, North Carolina Raleigh,"
149,"Minnesota St. Paul, Alaska Juneau, Hawaii Honolulu, Rhode Island Providence, Georgia Atlanta, Vermont Montpelier, Ohio",Columbus,"Columbus, Nebraska Lincoln, North Carolina Rale"
150,"Louisiana Baton Rouge, Virginia Richmond, Connecticut Hartford, Arizona Phoenix, Iowa Des Moines, Mississippi Jackson, Alabama",Montgomery,"Birmingham, Indiana Indianapolis, Minnesota Minneapolis,"
151,"Tennessee Nashville, Minnesota St. Paul, Nevada Carson City, Wyoming Cheyenne, Maryland Annapolis, Massachusetts Boston, Montana",Helena,"Helena, District of Columbia Washington, District of Columbia Washington"
152,"Colorado Denver, Delaware Dover, Minnesota St. Paul, Arizona Phoenix, Maine Augusta, South Dakota Pierre, New Hampshire",Concord,"Concord, Utah Salt Lake City, Virginia Richmond,"
153,"Hawaii Honolulu, Indiana Indianapolis, Ohio Columbus, Texas Austin, Kansas Topeka, Georgia Atlanta, Connecticut",Hartford,"Hartford, Alabama Tuscaloosa, Oklahoma City"
154,"Indiana Indianapolis, Massachusetts Boston, Ohio Columbus, Wyoming Cheyenne, Illinois Springfield, Kansas Topeka, South Dakota",Pierre,"Sioux Falls, Kentucky Louisville, Michigan Detroit,"
155,"New York Albany, Colorado Denver, Virginia Richmond, Arkansas Little Rock, Ohio Columbus, Tennessee Nashville, West Virginia",Charleston,"Charleston, Washington D.C.
Our"
156,"Nevada Carson City, Texas Austin, Idaho Boise, Wisconsin Madison, Mississippi Jackson, New Jersey Trenton, New Hampshire",Concord,"Concord, New Mexico Santa Fe, Texas Albuquer"
157,"Washington Olympia, Tennessee Nashville, Wyoming Cheyenne, Rhode Island Providence, Maryland Annapolis, Florida Tallahassee, Michigan",Lansing,"Lansing, New Mexico Santa Fe, South Dakota"
158,"Alaska Juneau, Mississippi Jackson, Iowa Des Moines, Arkansas Little Rock, Nebraska Lincoln, Oregon Salem, South Carolina",Columbia,"Columbia, North Carolina Raleigh, Kentucky Louisville,"
159,"Vermont Montpelier, Indiana Indianapolis, New York Albany, New Mexico Santa Fe, Idaho Boise, Utah Salt Lake City, Maine",Augusta,"Portland, Oregon Seattle, Minnesota Minneapolis, Michigan"
160,"Tennessee Nashville, California Sacramento, Idaho Boise, Utah Salt Lake City, Maine Augusta, New York Albany, Ohio",Columbus,"Columbus, Michigan Lansing, Michigan Madison,"
161,"Nebraska Lincoln, Indiana Indianapolis, Montana Helena, New Jersey Trenton, Tennessee Nashville, West Virginia Charleston, Missouri",Jefferson City,"Jefferson City, Oklahoma City, Louisiana Baton Rouge,"
162,"Florida Tallahassee, Colorado Denver, South Dakota Pierre, Virginia Richmond, Oklahoma Oklahoma City, Idaho Boise, Maine",Augusta,"Portland, Arizona Phoenix, Oregon Salem, California Sac"
163,"Rhode Island Providence, Nevada Carson City, South Carolina Columbia, Georgia Atlanta, Utah Salt Lake City, North Carolina Raleigh, Connecticut",Hartford,"Hartford, Minnesota Minneapolis, Oregon Portland,"
164,"Michigan Lansing, Colorado Denver, Idaho Boise, West Virginia Charleston, Washington Olympia, Arkansas Little Rock, South Carolina",Columbia,"Columbia, North Carolina Raleigh, Oklahoma City, Oklahoma"
165,"Tennessee Nashville, Georgia Atlanta, Oregon Salem, Nevada Carson City, Wisconsin Madison, Delaware Dover, Alaska",Juneau,"Juneau
11. What is the name of the"
166,"Kansas Topeka, Montana Helena, Massachusetts Boston, Colorado Denver, South Dakota Pierre, Utah Salt Lake City, Texas",Austin,"Houston, West Virginia Charleston, Wyoming Chey"
167,"Arkansas Little Rock, New Mexico Santa Fe, Michigan Lansing, Iowa Des Moines, Pennsylvania Harrisburg, Delaware Dover, Louisiana",Baton Rouge,"Baton Rouge, Nebraska Lincoln, Iowa O"
168,"Arizona Phoenix, Indiana Indianapolis, Montana Helena, Connecticut Hartford, Georgia Atlanta, Alabama Montgomery, Missouri",Jefferson City,"Jefferson City, Minnesota St. Paul, Nevada Carson"
169,"Nebraska Lincoln, Idaho Boise, New York Albany, Iowa Des Moines, Delaware Dover, Minnesota St. Paul, Oregon",Salem,"Portland, Utah Salt Lake City, Arizona Phoenix,"
170,"Illinois Springfield, Iowa Des Moines, Vermont Montpelier, Arkansas Little Rock, New Jersey Trenton, South Carolina Columbia, Texas",Austin,"Austin, Texas San Antonio, Texas Houston, Texas Dallas,"
171,"Georgia Atlanta, Massachusetts Boston, Missouri Jefferson City, New Jersey Trenton, California Sacramento, Minnesota St. Paul, Connecticut",Hartford,"Hartford, Illinois Springfield, Wisconsin Madison, Wisconsin"
172,"New Jersey Trenton, Arkansas Little Rock, Wyoming Cheyenne, Minnesota St. Paul, Ohio Columbus, Missouri Jefferson City, Oregon",Salem,"Salem, Oregon Olympia, Washington Madison, Wisconsin"
173,"Rhode Island Providence, Iowa Des Moines, Colorado Denver, North Dakota Bismarck, South Carolina Columbia, Texas Austin, Alaska",Juneau,"Anchorage, Tennessee Nashville, Minnesota St. Paul"
174,"Maine Augusta, Georgia Atlanta, Rhode Island Providence, Kansas Topeka, Iowa Des Moines, Texas Austin, Minnesota",St. Paul,"Minneapolis, Tennessee Nashville, North Carolina Charlotte,"
175,"Arizona Phoenix, North Carolina Raleigh, Wyoming Cheyenne, Nebraska Lincoln, Tennessee Nashville, Maine Augusta, Maryland",Annapolis,"Baltimore, California Los Angeles, New York New York, North"
176,"Vermont Montpelier, Michigan Lansing, New Jersey Trenton, Nevada Carson City, Georgia Atlanta, Mississippi Jackson, Connecticut",Hartford,"Hartford, Minnesota St. Paul, Wisconsin Madison,"
177,"Florida Tallahassee, Illinois Springfield, Rhode Island Providence, Oregon Salem, Indiana Indianapolis, Oklahoma Oklahoma City, Nebraska",Lincoln,"Lincoln, North Carolina Raleigh, New Jersey Trent"
178,"Kansas Topeka, Georgia Atlanta, Massachusetts Boston, Nebraska Lincoln, Utah Salt Lake City, California Sacramento, Montana",Helena,"Billings, North Dakota Fargo, Texas Dallas,"
179,"Kansas Topeka, Colorado Denver, Florida Tallahassee, Montana Helena, Rhode Island Providence, Massachusetts Boston, Louisiana",Baton Rouge,"Baton Rouge, South Dakota Pierre, Arizona Phoenix"
180,"Ohio Columbus, Florida Tallahassee, Alabama Montgomery, Delaware Dover, Iowa Des Moines, Colorado Denver, Connecticut",Hartford,"Hartford, Massachusetts Boston, New Hampshire Concord,"
181,"Hawaii Honolulu, Rhode Island Providence, Louisiana Baton Rouge, New Hampshire Concord, Mississippi Jackson, Kentucky Frankfort, Ohio",Columbus,"Columbus, Washington D.C. Washington D.C"
182,"Tennessee Nashville, North Carolina Raleigh, Indiana Indianapolis, Colorado Denver, Wisconsin Madison, New Mexico Santa Fe, Montana",Helena,"Bozeman, and Wyoming Jackson, Mississippi.
"
183,"New Jersey Trenton, Delaware Dover, Kentucky Frankfort, Hawaii Honolulu, Montana Helena, Maine Augusta, Louisiana",Baton Rouge,"Baton Rouge, Maryland Annapolis, New York Alb"
184,"Hawaii Honolulu, New Jersey Trenton, Pennsylvania Harrisburg, Wyoming Cheyenne, North Carolina Raleigh, Louisiana Baton Rouge, West Virginia",Charleston,"Charleston, North Dakota Bismarck,"
185,"Delaware Dover, Connecticut Hartford, Wyoming Cheyenne, Illinois Springfield, Mississippi Jackson, Pennsylvania Harrisburg, Missouri",Jefferson City,"Jefferson City, Indiana Indianapolis, Washington D.C.,"
186,"Colorado Denver, Utah Salt Lake City, Wyoming Cheyenne, Louisiana Baton Rouge, North Dakota Bismarck, Maine Augusta, Illinois",Springfield,"Springfield, South Dakota Pierre, Vermont Montpel"
187,"New Mexico Santa Fe, Ohio Columbus, Arkansas Little Rock, North Carolina Raleigh, Hawaii Honolulu, Wyoming Cheyenne, Nevada",Carson City,"Las Vegas, Texas Houston, Texas Dallas, Texas,"
188,"Alaska Juneau, Ohio Columbus, Mississippi Jackson, Delaware Dover, Maine Augusta, Wyoming Cheyenne, California",Sacramento,"Sacramento, North Dakota Bismarck,"
189,"Utah Salt Lake City, Iowa Des Moines, Indiana Indianapolis, West Virginia Charleston, Connecticut Hartford, Florida Tallahassee, Vermont",Montpelier,"Montpelier, Missouri Jefferson City, Nebraska Lincoln"
190,"West Virginia Charleston, Arizona Phoenix, Hawaii Honolulu, Wyoming Cheyenne, Missouri Jefferson City, Michigan Lansing, Florida",Tallahassee,"Tallahassee, Texas Austin, California Sacramento"
191,"South Dakota Pierre, New York Albany, Wyoming Cheyenne, Ohio Columbus, Tennessee Nashville, Arkansas Little Rock, Washington",Olympia,"D.C., Louisiana Baton Rouge, Oklahoma Oklahoma"
192,"Mississippi Jackson, Kentucky Frankfort, Alabama Montgomery, Iowa Des Moines, Delaware Dover, New Hampshire Concord, New York",Albany,"Albany, New York
Rhode Island Providence"
193,"Colorado Denver, Connecticut Hartford, North Dakota Bismarck, Kentucky Frankfort, Wyoming Cheyenne, Massachusetts Boston, Michigan",Lansing,"Lansing, New Jersey Trenton, New Mexico"
194,"Rhode Island Providence, Alaska Juneau, Kansas Topeka, Tennessee Nashville, South Dakota Pierre, New Jersey Trenton, Maine",Augusta,"Augusta, Vermont Montpelier, West Virginia Char"
195,"Hawaii Honolulu, Oklahoma Oklahoma City, Illinois Springfield, Alabama Montgomery, Utah Salt Lake City, Maryland Annapolis, Florida",Tallahassee,"Jacksonville, Illinois Chicago, Illinois Atlanta, Illinois St."
196,"New Jersey Trenton, Mississippi Jackson, South Carolina Columbia, Nebraska Lincoln, Colorado Denver, Louisiana Baton Rouge, Ohio",Columbus,"Houston, New Mexico Albuquerque, Arizona Phoenix,"
197,"Rhode Island Providence, Georgia Atlanta, Alaska Juneau, New Hampshire Concord, Utah Salt Lake City, Kentucky Frankfort, Nebraska",Lincoln,"Lincoln, Iowa Des Moines, Idaho Boise,"
198,"South Dakota Pierre, Hawaii Honolulu, California Sacramento, Massachusetts Boston, North Dakota Bismarck, Delaware Dover, New York",Albany,"Albany, Nebraska Lincoln, Nevada Carson"
199,"Colorado Denver, Maine Augusta, Wyoming Cheyenne, West Virginia Charleston, South Carolina Columbia, Indiana Indianapolis, Minnesota",St. Paul,"Minneapolis, Minnesota St. Paul, Minnesota Rochester"
200,"Arizona Phoenix, Connecticut Hartford, Delaware Dover, Rhode Island Providence, North Dakota Bismarck, New York Albany, Louisiana",Baton Rouge,"Baton Rouge, Massachusetts Boston, Oklahoma City, Oklahoma"
201,"Iowa Des Moines, Delaware Dover, Wyoming Cheyenne, Montana Helena, California Sacramento, Florida Tallahassee, Maryland",Annapolis,"Annapolis, Nevada Carson City, Oklahoma City,"
202,"Michigan Lansing, Ohio Columbus, Tennessee Nashville, Iowa Des Moines, Oklahoma Oklahoma City, Illinois Springfield, Maryland",Annapolis,"Baltimore, Pennsylvania Philadelphia, Virginia Richmond, Virginia Raleigh"
203,"Arizona Phoenix, Maryland Annapolis, Iowa Des Moines, Louisiana Baton Rouge, Vermont Montpelier, Georgia Atlanta, Alaska",Juneau,"Anchorage, Oregon Salem, Florida Tallahas"
204,"New York Albany, Oregon Salem, Missouri Jefferson City, Delaware Dover, Arkansas Little Rock, Iowa Des Moines, Louisiana",Baton Rouge,"Baton Rouge, Utah Salt Lake City, Kentucky"
205,"Rhode Island Providence, Iowa Des Moines, Vermont Montpelier, New Jersey Trenton, Montana Helena, Washington Olympia, Nevada",Carson City,"Carson City, Kentucky Frankfort, Louisiana Baton Rou"
206,"Pennsylvania Harrisburg, Utah Salt Lake City, Wisconsin Madison, Mississippi Jackson, North Dakota Bismarck, Delaware Dover, Michigan",Lansing,"Lansing, Louisiana Baton Rouge, Minnesota St"
207,"Arizona Phoenix, North Carolina Raleigh, Utah Salt Lake City, Montana Helena, Florida Tallahassee, Colorado Denver, Pennsylvania",Harrisburg,"Harrisburg, California Sacramento, Oregon Salem,"
208,"Rhode Island Providence, North Carolina Raleigh, Maine Augusta, Washington Olympia, Tennessee Nashville, New Jersey Trenton, Kansas",Topeka,"Topeka, Iowa Des Moines, South Dakota"
209,"West Virginia Charleston, Wyoming Cheyenne, Minnesota St. Paul, New Hampshire Concord, Indiana Indianapolis, Hawaii Honolulu, Missouri",Jefferson City,"Jefferson City, Missouri Jefferson City, Nebraska Lincoln,"
210,"Utah Salt Lake City, Georgia Atlanta, Kentucky Frankfort, Washington Olympia, Mississippi Jackson, Louisiana Baton Rouge, North Carolina",Raleigh,"Raleigh, Illinois Springfield, Nevada Las Veg"
211,"Indiana Indianapolis, Delaware Dover, Massachusetts Boston, Illinois Springfield, Nebraska Lincoln, Maine Augusta, California",Sacramento,"Sacramento, Utah Salt Lake City, Colorado Den"
212,"New York Albany, Connecticut Hartford, Wyoming Cheyenne, Ohio Columbus, Mississippi Jackson, Rhode Island Providence, South Carolina",Columbia,"Charleston, Illinois Springfield, North Carolina Rale"
213,"Florida Tallahassee, Oklahoma Oklahoma City, Pennsylvania Harrisburg, Kentucky Frankfort, Georgia Atlanta, Utah Salt Lake City, Vermont",Montpelier,"Montpelier, Wisconsin Madison, North Dakota B"
214,"Idaho Boise, Hawaii Honolulu, Ohio Columbus, Oklahoma Oklahoma City, North Dakota Bismarck, Missouri Jefferson City, Vermont",Montpelier,"Montpelier, West Virginia Charleston, Wyoming"
215,"New York Albany, West Virginia Charleston, Alaska Juneau, Arizona Phoenix, Colorado Denver, Idaho Boise, New Mexico",Santa Fe,"Albuquerque, Oklahoma Oklahoma City, Pennsylvania Philadelphia,"
216,"West Virginia Charleston, Georgia Atlanta, Florida Tallahassee, Arizona Phoenix, South Carolina Columbia, Tennessee Nashville, New York",Albany,"New York, New York New York, New York New York"
217,"Mississippi Jackson, Michigan Lansing, Nebraska Lincoln, Massachusetts Boston, Montana Helena, Arizona Phoenix, Alaska",Juneau,"Anchorage, Louisiana New Orleans, Nebraska O"
218,"North Carolina Raleigh, Oklahoma Oklahoma City, Colorado Denver, Texas Austin, Delaware Dover, Connecticut Hartford, Missouri",Jefferson City,"St. Louis, New York New York City, Louisiana Bat"
219,"Delaware Dover, Nebraska Lincoln, Oklahoma Oklahoma City, Tennessee Nashville, North Dakota Bismarck, Michigan Lansing, Washington",Olympia,"Olympia, Wisconsin Madison, Wyoming Cheyenne"
220,"Arkansas Little Rock, Florida Tallahassee, South Carolina Columbia, Wyoming Cheyenne, Oklahoma Oklahoma City, Wisconsin Madison, Louisiana",Baton Rouge,"Monroe, Mississippi Jackson, Mississippi Starkville, Mississippi"
221,"Kansas Topeka, Oklahoma Oklahoma City, Kentucky Frankfort, Indiana Indianapolis, Virginia Richmond, Colorado Denver, Montana",Helena,"Helena, California Sacramento, California, California,"
222,"Wyoming Cheyenne, Minnesota St. Paul, New York Albany, Iowa Des Moines, Delaware Dover, Illinois Springfield, New Mexico",Santa Fe,"Santa Fe, North Dakota Fargo, Arizona Tuc"
223,"Indiana Indianapolis, Georgia Atlanta, Minnesota St. Paul, Kentucky Frankfort, North Carolina Raleigh, Utah Salt Lake City, West Virginia",Charleston,"Charleston, and many more.
All of our"
224,"Nebraska Lincoln, Utah Salt Lake City, Hawaii Honolulu, Alaska Juneau, Georgia Atlanta, Missouri Jefferson City, Maryland",Annapolis,"Annapolis, Washington DC, Virginia Alexandria, Virginia Virginia"
225,"Arizona Phoenix, Tennessee Nashville, Louisiana Baton Rouge, Iowa Des Moines, Vermont Montpelier, Nebraska Lincoln, South Dakota",Pierre,"Pierre, Wisconsin Madison, Michigan Lansing, Ohio"
226,"Oregon Salem, California Sacramento, Massachusetts Boston, Mississippi Jackson, Illinois Springfield, New Jersey Trenton, Texas",Austin,"Dallas, Alabama Birmingham, Minnesota Minneapolis, Indiana"
227,"Maine Augusta, Washington Olympia, Montana Helena, Iowa Des Moines, New Jersey Trenton, Hawaii Honolulu, New Hampshire",Concord,"Concord, New Mexico Santa Fe, New York Albany"
228,"Nevada Carson City, Oregon Salem, Wyoming Cheyenne, Colorado Denver, Idaho Boise, Florida Tallahassee, Wisconsin",Madison,"Madison, Michigan Lansing, Minnesota Saint Paul,"
229,"Delaware Dover, Pennsylvania Harrisburg, Vermont Montpelier, Alaska Juneau, Arizona Phoenix, Indiana Indianapolis, Kansas",Topeka,"City, Louisville, Michigan Detroit, Minnesota Minneapolis"
230,"Kentucky Frankfort, Delaware Dover, Missouri Jefferson City, Oregon Salem, Iowa Des Moines, Indiana Indianapolis, New Hampshire",Concord,"Concord, Montana Helena, Iowa Des Moines"
231,"Indiana Indianapolis, New Mexico Santa Fe, Washington Olympia, Alabama Montgomery, Colorado Denver, Mississippi Jackson, Kansas",Topeka,"City, Missouri Kansas City, Missouri, Minnesota Saint Paul,"
232,"Oregon Salem, Mississippi Jackson, Minnesota St. Paul, Colorado Denver, Utah Salt Lake City, Alabama Montgomery, South Dakota",Pierre,"Sioux Falls, West Virginia Charleston, New"
233,"West Virginia Charleston, Washington Olympia, Oklahoma Oklahoma City, Kentucky Frankfort, Arizona Phoenix, Hawaii Honolulu, New York",Albany,"New York City, North Carolina Raleigh, Texas Austin"
234,"Tennessee Nashville, Rhode Island Providence, Nebraska Lincoln, Texas Austin, Indiana Indianapolis, Pennsylvania Harrisburg, Maryland",Annapolis,"Baltimore, Washington D.C., and many more.
"
235,"Vermont Montpelier, Indiana Indianapolis, North Dakota Bismarck, Kansas Topeka, Massachusetts Boston, Mississippi Jackson, Maryland",Annapolis,"Baltimore, Illinois Springfield, South Dakota Peoria,"
236,"Maryland Annapolis, New Jersey Trenton, Indiana Indianapolis, New Mexico Santa Fe, Idaho Boise, Oregon Salem, West Virginia",Charleston,"Charleston, Nevada Las Vegas, Utah"
237,"Pennsylvania Harrisburg, New Jersey Trenton, Iowa Des Moines, Nebraska Lincoln, Louisiana Baton Rouge, Oklahoma Oklahoma City, New Hampshire",Concord,"Manchester, Florida Tampa, New York Albany, New"
238,"Wisconsin Madison, Georgia Atlanta, Mississippi Jackson, Arkansas Little Rock, Washington Olympia, Alabama Montgomery, Nevada",Carson City,"Carson City, Colorado Denver, Oklahoma Oklahoma City,"
239,"Tennessee Nashville, Colorado Denver, Alaska Juneau, Connecticut Hartford, Washington Olympia, Arkansas Little Rock, Maryland",Annapolis,"Annapolis, Iowa Des Moines, New Hampshire Con"
240,"North Carolina Raleigh, Michigan Lansing, Vermont Montpelier, Oklahoma Oklahoma City, Utah Salt Lake City, Idaho Boise, Wisconsin",Madison,"Madison, Indiana Indianapolis, Kentucky Frankfort, Tennessee"
241,"Mississippi Jackson, Iowa Des Moines, Wisconsin Madison, Minnesota St. Paul, Oklahoma Oklahoma City, California Sacramento, South Dakota",Pierre,"Sioux Falls, Wyoming Cheyenne, North"
242,"Louisiana Baton Rouge, Vermont Montpelier, Maine Augusta, New Jersey Trenton, Iowa Des Moines, Indiana Indianapolis, South Dakota",Pierre,"Pierre, Minnesota Saint Paul, Maryland Annapolis, New York"
243,"Mississippi Jackson, Rhode Island Providence, Vermont Montpelier, Colorado Denver, Maine Augusta, New Hampshire Concord, Washington",Olympia,"Olympia, Florida Tallahassee, Kentucky Frankfort"
244,"Delaware Dover, Iowa Des Moines, Minnesota St. Paul, Nevada Carson City, Wisconsin Madison, Utah Salt Lake City, New York",Albany,"Albany, North Carolina Raleigh, Oklahoma City,"
245,"Pennsylvania Harrisburg, Rhode Island Providence, Alabama Montgomery, Maryland Annapolis, Oklahoma Oklahoma City, Wyoming Cheyenne, Kansas",Topeka,"Topeka, South Dakota Pierre, Nebraska"
246,"Illinois Springfield, Utah Salt Lake City, Washington Olympia, Missouri Jefferson City, Delaware Dover, Mississippi Jackson, Maine",Augusta,"Augusta, Maine Montpelier, Vermont
B"
247,"California Sacramento, West Virginia Charleston, Utah Salt Lake City, Louisiana Baton Rouge, Arizona Phoenix, Georgia Atlanta, Kentucky",Frankfort,"Louisville, Washington DC, Virginia, Maryland, West Virginia"
248,"Vermont Montpelier, Iowa Des Moines, Pennsylvania Harrisburg, Utah Salt Lake City, Georgia Atlanta, Illinois Springfield, Maryland",Annapolis,"New York, New York
Winter is coming. Are"
249,"Delaware Dover, Arkansas Little Rock, Kentucky Frankfort, New Jersey Trenton, Maine Augusta, Florida Tallahassee, Ohio",Columbus,"Columbus, Pennsylvania Harrisburg, New York Albany,"
250,"Wyoming Cheyenne, Arizona Phoenix, Oklahoma Oklahoma City, South Dakota Pierre, Nevada Carson City, Ohio Columbus, Connecticut",Hartford,"Hartford, Wisconsin Madison, Minnesota St. Paul,"
251,"Oregon Salem, Hawaii Honolulu, Iowa Des Moines, Kansas Topeka, Wisconsin Madison, Arizona Phoenix, Alabama",Montgomery,"Birmingham, Indiana Indianapolis, Ohio Cincinnati"
252,"Arizona Phoenix, Missouri Jefferson City, Maine Augusta, Iowa Des Moines, South Carolina Columbia, Oklahoma Oklahoma City, Texas",Austin,"Austin, Texas Dallas, Texas Houston, Texas San Antonio,"
253,"Alaska Juneau, Minnesota St. Paul, Colorado Denver, Idaho Boise, Indiana Indianapolis, South Carolina Columbia, Vermont",Montpelier,"Burlington, Wisconsin Milwaukee, Ohio Columb"
254,"Vermont Montpelier, Massachusetts Boston, Kentucky Frankfort, Georgia Atlanta, North Carolina Raleigh, Hawaii Honolulu, Illinois",Springfield,"Chicago, Texas Dallas, Minnesota Minneapolis, New York"
255,"Iowa Des Moines, Oklahoma Oklahoma City, Texas Austin, Alaska Juneau, Wisconsin Madison, Massachusetts Boston, California",Sacramento,"Los Angeles, Arizona Phoenix, Colorado Denver, New Mexico"
256,"Rhode Island Providence, Louisiana Baton Rouge, Nebraska Lincoln, Iowa Des Moines, Ohio Columbus, Oklahoma Oklahoma City, Oregon",Salem,"Portland, South Carolina Charleston, Tennessee Memph"
257,"Wyoming Cheyenne, North Carolina Raleigh, Indiana Indianapolis, Tennessee Nashville, Nevada Carson City, Kentucky Frankfort, Virginia",Richmond,"Richmond, Kentucky Charleston, Kentucky Louisville, Kentucky"
258,"Texas Austin, Hawaii Honolulu, Kansas Topeka, Georgia Atlanta, Montana Helena, Utah Salt Lake City, South Carolina",Columbia,"Columbia, West Virginia Charleston, Virginia Richmond, Wy"
259,"Wyoming Cheyenne, Washington Olympia, Utah Salt Lake City, West Virginia Charleston, Missouri Jefferson City, Iowa Des Moines, Kentucky",Frankfort,"Frankfort, Minnesota St. Paul, Minnesota Minneapolis"
260,"Delaware Dover, Kentucky Frankfort, Massachusetts Boston, Louisiana Baton Rouge, Idaho Boise, North Carolina Raleigh, South Dakota",Pierre,"Pierre, West Virginia Charleston, Wyoming Chey"
261,"Indiana Indianapolis, New Mexico Santa Fe, Tennessee Nashville, Kentucky Frankfort, Wisconsin Madison, Hawaii Honolulu, South Dakota",Pierre,"Sioux Falls, North Dakota Bismarck"
262,"Virginia Richmond, Wyoming Cheyenne, Louisiana Baton Rouge, Vermont Montpelier, Oklahoma Oklahoma City, Delaware Dover, New Mexico",Santa Fe,"Santa Fe, Nevada Carson City, Alabama Hunts"
263,"Arizona Phoenix, Minnesota St. Paul, Kansas Topeka, South Carolina Columbia, Arkansas Little Rock, Tennessee Nashville, Alabama",Montgomery,"Huntsville, Georgia Atlanta, Idaho Boise,"
264,"Maine Augusta, Indiana Indianapolis, Texas Austin, Idaho Boise, Rhode Island Providence, North Carolina Raleigh, South Carolina",Columbia,"Charleston, Tennessee Memphis, Wisconsin Madison"
265,"South Carolina Columbia, Colorado Denver, Oregon Salem, Pennsylvania Harrisburg, Wyoming Cheyenne, Indiana Indianapolis, New York",Albany,"New York, Ohio Toledo, Oklahoma Oklahoma City,"
266,"Arkansas Little Rock, Colorado Denver, Maine Augusta, Louisiana Baton Rouge, Michigan Lansing, Delaware Dover, North Carolina",Raleigh,"Raleigh, South Carolina Columbia, Tennessee Nashville,"
267,"Washington Olympia, Iowa Des Moines, Louisiana Baton Rouge, Indiana Indianapolis, Arkansas Little Rock, Kansas Topeka, Maine",Augusta,"Augusta, Missouri Jefferson City, Nebraska Lincoln,"
268,"Massachusetts Boston, Florida Tallahassee, Nebraska Lincoln, Mississippi Jackson, New Mexico Santa Fe, Georgia Atlanta, Nevada",Carson City,"Las Vegas, North Carolina Raleigh, Ohio Cleveland"
269,"California Sacramento, Idaho Boise, New Mexico Santa Fe, Oklahoma Oklahoma City, Iowa Des Moines, North Dakota Bismarck, Maryland",Annapolis,"Baltimore, Massachusetts Boston, Michigan Lansing, Minnesota Min"
270,"Maryland Annapolis, Oklahoma Oklahoma City, Georgia Atlanta, West Virginia Charleston, New Jersey Trenton, Kansas Topeka, Pennsylvania",Harrisburg,"Harrisburg, New York Albany, Michigan Lansing"
271,"Oklahoma Oklahoma City, Hawaii Honolulu, South Dakota Pierre, Pennsylvania Harrisburg, Kentucky Frankfort, Indiana Indianapolis, Maryland",Annapolis,"Annapolis, Minnesota St. Paul, North Dakota B"
272,"Washington Olympia, Nebraska Lincoln, Idaho Boise, Pennsylvania Harrisburg, Arkansas Little Rock, Delaware Dover, Michigan",Lansing,"Lansing, Rhode Island Providence, Iowa Des"
273,"Mississippi Jackson, Georgia Atlanta, Louisiana Baton Rouge, West Virginia Charleston, Tennessee Nashville, Kansas Topeka, Florida",Tallahassee,"Tampa, Minnesota St. Paul, Kansas City, Oklahoma"
274,"New Hampshire Concord, Colorado Denver, Arizona Phoenix, Washington Olympia, New Jersey Trenton, Virginia Richmond, North Dakota",Bismarck,"Bismarck, Wyoming Cheyenne, Texas"
275,"Minnesota St. Paul, Massachusetts Boston, Hawaii Honolulu, Oregon Salem, Delaware Dover, Alabama Montgomery, Michigan",Lansing,"Lansing, Wisconsin Madison, Iowa Des Moines"
276,"Georgia Atlanta, Delaware Dover, Illinois Springfield, Montana Helena, Idaho Boise, Michigan Lansing, West Virginia",Charleston,"Charleston, New Mexico Santa Fe, North Dakota"
277,"Oklahoma Oklahoma City, Arizona Phoenix, West Virginia Charleston, Missouri Jefferson City, North Carolina Raleigh, Arkansas Little Rock, Florida",Tallahassee,"Tallahassee, California Sacramento, Illinois Spring"
278,"Arkansas Little Rock, Colorado Denver, Kansas Topeka, Missouri Jefferson City, Arizona Phoenix, Vermont Montpelier, Wisconsin",Madison,"Madison, Oklahoma Oklahoma City, New Mexico Santa Fe,"
279,"Maine Augusta, Rhode Island Providence, Mississippi Jackson, Louisiana Baton Rouge, Hawaii Honolulu, Ohio Columbus, New Hampshire",Concord,"Concord, Missouri Jefferson City, Oklahoma Oklahoma City, North"
280,"Vermont Montpelier, Arizona Phoenix, Nevada Carson City, Iowa Des Moines, Delaware Dover, South Dakota Pierre, Maine",Augusta,"Augusta, Minnesota St. Paul, Minnesota Bismar"
281,"Washington Olympia, Colorado Denver, Tennessee Nashville, Oklahoma Oklahoma City, Maryland Annapolis, South Carolina Columbia, Oregon",Salem,"Salem, Utah Salt Lake City, Virginia Richmond,"
282,"Hawaii Honolulu, North Carolina Raleigh, Idaho Boise, West Virginia Charleston, Oregon Salem, Indiana Indianapolis, New Hampshire",Concord,"Concord, Wisconsin Madison, Alabama Montgomery,"
283,"Georgia Atlanta, Maine Augusta, Louisiana Baton Rouge, Arizona Phoenix, Colorado Denver, Kansas Topeka, Oregon",Salem,"Portland, Pennsylvania Philadelphia, Rhode Island Providence,"
284,"Utah Salt Lake City, Kansas Topeka, New York Albany, Michigan Lansing, Idaho Boise, Tennessee Nashville, Maryland",Annapolis,"Washington D.C., Oklahoma City, Oregon Portland,"
285,"Virginia Richmond, California Sacramento, Illinois Springfield, Tennessee Nashville, Oklahoma Oklahoma City, Idaho Boise, West Virginia",Charleston,"Charleston, North Carolina Raleigh, Arizona Phoenix"
286,"Iowa Des Moines, Indiana Indianapolis, Hawaii Honolulu, Kansas Topeka, Nebraska Lincoln, Connecticut Hartford, New Hampshire",Concord,"Concord, New Jersey Trenton, Ohio Columbus"
287,"North Carolina Raleigh, Michigan Lansing, Georgia Atlanta, Rhode Island Providence, Oklahoma Oklahoma City, Ohio Columbus, Montana",Helena,"Helena, Arizona Tucson, New York Buffalo"
288,"Maryland Annapolis, Georgia Atlanta, Ohio Columbus, Oregon Salem, Wyoming Cheyenne, Indiana Indianapolis, Montana",Helena,"Helena, Virginia Richmond, Wisconsin Madison, New York"
289,"Nevada Carson City, Missouri Jefferson City, Oklahoma Oklahoma City, Arizona Phoenix, Arkansas Little Rock, Alabama Montgomery, California",Sacramento,"Sacramento, Colorado Denver, Connecticut Hartford,"
290,"Kansas Topeka, Indiana Indianapolis, Connecticut Hartford, Rhode Island Providence, Michigan Lansing, Tennessee Nashville, South Dakota",Pierre,"Pierre, West Virginia Charleston, Montana Helena"
291,"Georgia Atlanta, Oklahoma Oklahoma City, West Virginia Charleston, Texas Austin, Arkansas Little Rock, Washington Olympia, South Dakota",Pierre,"Rapid City, Missouri Jefferson City, Minnesota St. Paul"
292,"Montana Helena, Oregon Salem, Rhode Island Providence, New Jersey Trenton, Michigan Lansing, Wyoming Cheyenne, Florida",Tallahassee,"Tallahassee, Illinois Springfield, Virginia Richmond,"
293,"Utah Salt Lake City, New Mexico Santa Fe, Kansas Topeka, Idaho Boise, Vermont Montpelier, New Jersey Trenton, Maine",Augusta,"Augusta, Washington, D.C. Washington, D"
294,"Idaho Boise, Nevada Carson City, Michigan Lansing, Oklahoma Oklahoma City, Illinois Springfield, Wyoming Cheyenne, North Dakota",Bismarck,"Bismarck, South Dakota Pierre, Minnesota Saint"
295,"Minnesota St. Paul, Tennessee Nashville, Indiana Indianapolis, New Hampshire Concord, Virginia Richmond, Georgia Atlanta, West Virginia",Charleston,"Charleston, South Carolina Columbia, Missouri St. Louis"
296,"Mississippi Jackson, Arkansas Little Rock, Delaware Dover, Virginia Richmond, Ohio Columbus, Alabama Montgomery, Vermont",Montpelier,"Burlington, Tennessee Memphis, Nebraska"
297,"Pennsylvania Harrisburg, Georgia Atlanta, Hawaii Honolulu, Kansas Topeka, Alaska Juneau, Rhode Island Providence, Connecticut",Hartford,"Hartford, District of Columbia Washington, Washington, D."
298,"Utah Salt Lake City, Kansas Topeka, Florida Tallahassee, Mississippi Jackson, Rhode Island Providence, North Dakota Bismarck, California",Sacramento,"Sacramento, Washington Seattle, North Dakota Bism"
299,"Maryland Annapolis, New Hampshire Concord, Maine Augusta, Idaho Boise, Georgia Atlanta, Colorado Denver, Florida",Tallahassee,"Tallahassee, Georgia, Montana Helena,"
300,"Missouri Jefferson City, Colorado Denver, New Jersey Trenton, Illinois Springfield, Delaware Dover, Ohio Columbus, Minnesota",St. Paul,"St. Paul, Texas Austin, Georgia Atlanta, Florida Miami"
301,"California Sacramento, Nebraska Lincoln, Hawaii Honolulu, Tennessee Nashville, Connecticut Hartford, Delaware Dover, Virginia",Richmond,"Richmond, Georgia Atlanta, Illinois Chicago, Indiana Indianapolis,"
302,"New York Albany, Hawaii Honolulu, Iowa Des Moines, New Jersey Trenton, Alabama Montgomery, New Mexico Santa Fe, Wisconsin",Madison,"Madison, Ohio Columbus, Pennsylvania Harrisburg, New"
303,"Wyoming Cheyenne, Tennessee Nashville, Utah Salt Lake City, South Dakota Pierre, Pennsylvania Harrisburg, Alaska Juneau, New Hampshire",Concord,"Concord, Iowa Des Moines, New Mexico Santa Fe"
304,"Connecticut Hartford, California Sacramento, Utah Salt Lake City, Tennessee Nashville, Oklahoma Oklahoma City, Maine Augusta, Kansas",Topeka,"Wichita, Louisiana Baton Rouge, Minnesota Min"
305,"Florida Tallahassee, Utah Salt Lake City, Illinois Springfield, New Jersey Trenton, Delaware Dover, Alabama Montgomery, Louisiana",Baton Rouge,"Baton Rouge, California Sacramento, Kentucky Louis"
306,"New York Albany, Rhode Island Providence, Colorado Denver, Georgia Atlanta, South Carolina Columbia, Florida Tallahassee, Connecticut",Hartford,"Hartford, New York New York City, New York New"
307,"Utah Salt Lake City, Hawaii Honolulu, New Mexico Santa Fe, North Dakota Bismarck, Georgia Atlanta, Maryland Annapolis, Alabama",Montgomery,"Birmingham, Illinois Chicago, Illinois Dallas, Illinois Indianapolis"
308,"Delaware Dover, Vermont Montpelier, Georgia Atlanta, Connecticut Hartford, California Sacramento, Indiana Indianapolis, Pennsylvania",Harrisburg,"Philadelphia, North Carolina Raleigh, Arizona Phoenix, Colorado"
309,"Wyoming Cheyenne, Arizona Phoenix, California Sacramento, Colorado Denver, Illinois Springfield, Nebraska Lincoln, Washington",Olympia,"D.C.
Wyoming Cheyenne,"
310,"Kentucky Frankfort, North Dakota Bismarck, Hawaii Honolulu, Alabama Montgomery, New Jersey Trenton, Wyoming Cheyenne, Vermont",Montpelier,"Montpelier, Nebraska Lincoln, Kansas Tope"
311,"Utah Salt Lake City, Montana Helena, Iowa Des Moines, Alaska Juneau, Georgia Atlanta, Maryland Annapolis, Nevada",Carson City,"Las Vegas, Arizona Washington, Virginia
West Virginia Char"
312,"Iowa Des Moines, Indiana Indianapolis, North Dakota Bismarck, Connecticut Hartford, Tennessee Nashville, Florida Tallahassee, Kentucky",Frankfort,"Louisville, New York Albany, Ohio Columbus,"
313,"Arizona Phoenix, Virginia Richmond, Colorado Denver, New Hampshire Concord, Maine Augusta, Hawaii Honolulu, South Carolina",Columbia,"Columbia, Minnesota St. Paul, Florida Tallahassee"
314,"Vermont Montpelier, Massachusetts Boston, Utah Salt Lake City, Mississippi Jackson, Florida Tallahassee, Kansas Topeka, Kentucky",Frankfort,"Frankfort, Maine Augusta, Louisiana Baton Rouge"
315,"New York Albany, Iowa Des Moines, Texas Austin, Delaware Dover, New Jersey Trenton, Virginia Richmond, Minnesota",St. Paul,"Minneapolis, South Carolina Columbia, South Carolina Charl"
316,"Hawaii Honolulu, Pennsylvania Harrisburg, Nevada Carson City, Massachusetts Boston, Kentucky Frankfort, Oklahoma Oklahoma City, New Mexico",Santa Fe,"Santa Fe, Arizona Phoenix, New York Albany, Connecticut"
317,"Hawaii Honolulu, Arkansas Little Rock, South Carolina Columbia, Wisconsin Madison, Alabama Montgomery, New Jersey Trenton, Alaska",Juneau,"Anchorage, New Jersey New York City, New York"
318,"New Jersey Trenton, Washington Olympia, Massachusetts Boston, North Carolina Raleigh, Iowa Des Moines, New Hampshire Concord, Missouri",Jefferson City,"Jefferson City, Pennsylvania Harrisburg, New York Albany,"
319,"Connecticut Hartford, Indiana Indianapolis, Arkansas Little Rock, New Jersey Trenton, Nevada Carson City, Pennsylvania Harrisburg, Florida",Tallahassee,"Tallahassee, Tennessee Nashville, Utah Salt"
320,"Florida Tallahassee, California Sacramento, Mississippi Jackson, Missouri Jefferson City, Iowa Des Moines, Idaho Boise, Nevada",Carson City,"Reno, Oregon Salem, Utah Salt Lake City"
321,"Maine Augusta, Iowa Des Moines, Alabama Montgomery, Tennessee Nashville, Pennsylvania Harrisburg, Idaho Boise, Washington",Olympia,"Olympia, Nebraska Lincoln, Iowa Des Moines"
322,"North Dakota Bismarck, Utah Salt Lake City, Georgia Atlanta, South Carolina Columbia, Tennessee Nashville, Maryland Annapolis, Kentucky",Frankfort,"
The 10 Best Restaurants In Bism"
323,"Utah Salt Lake City, Alabama Montgomery, Minnesota St. Paul, Kentucky Frankfort, Massachusetts Boston, Idaho Boise, South Carolina",Columbia,"Columbia, North Carolina Raleigh, Washington Seattle, Virginia"
324,"Ohio Columbus, Arizona Phoenix, North Carolina Raleigh, Alaska Juneau, New Jersey Trenton, Indiana Indianapolis, California",Sacramento,"Los Angeles, Oklahoma Oklahoma City, Louisiana Baton Rouge"
325,"Iowa Des Moines, South Dakota Pierre, Kentucky Frankfort, Wyoming Cheyenne, Tennessee Nashville, Nevada Carson City, Washington",Olympia,", D.C.
New York Albany, New"
326,"Michigan Lansing, Texas Austin, New Jersey Trenton, Virginia Richmond, Rhode Island Providence, Iowa Des Moines, Montana",Helena,"Billings, Minnesota Duluth, Minnesota Minneapolis"
327,"Rhode Island Providence, Illinois Springfield, Wyoming Cheyenne, New Jersey Trenton, Alabama Montgomery, Maine Augusta, South Dakota",Pierre,"Pierre, Kansas Topeka, Maine Helena, Verm"
328,"California Sacramento, Idaho Boise, Tennessee Nashville, Massachusetts Boston, Kentucky Frankfort, Michigan Lansing, Pennsylvania",Harrisburg,"Harrisburg, and Minnesota St. Paul.
This"
329,"Kentucky Frankfort, Kansas Topeka, New Hampshire Concord, Tennessee Nashville, Mississippi Jackson, Wyoming Cheyenne, Nebraska",Lincoln,"Omaha, Nebraska Omaha, Neb"
330,"Maryland Annapolis, Hawaii Honolulu, Utah Salt Lake City, Nebraska Lincoln, Kentucky Frankfort, Arizona Phoenix, Oregon",Salem,"Salem, California Sacramento, California San Jose,"
331,"Ohio Columbus, Oklahoma Oklahoma City, Kentucky Frankfort, Minnesota St. Paul, Colorado Denver, New Jersey Trenton, Texas",Austin,"Austin, Minnesota Minneapolis, Colorado Denver, Indiana"
332,"Arizona Phoenix, Georgia Atlanta, New Mexico Santa Fe, Louisiana Baton Rouge, Virginia Richmond, New Jersey Trenton, Montana",Helena,"Helena, North Carolina Raleigh, California Sacr"
333,"Indiana Indianapolis, Louisiana Baton Rouge, Kansas Topeka, New Jersey Trenton, Missouri Jefferson City, Rhode Island Providence, Ohio",Columbus,"Columbus, Oklahoma Oklahoma City, Pennsylvania Harrisburg, South"
334,"Utah Salt Lake City, Tennessee Nashville, New York Albany, Montana Helena, Wisconsin Madison, Rhode Island Providence, Vermont",Montpelier,"Montpelier, Virginia Richmond, West Virginia Charleston"
335,"New Jersey Trenton, Hawaii Honolulu, Nevada Carson City, Louisiana Baton Rouge, Utah Salt Lake City, South Carolina Columbia, Montana",Helena,"Helena, North Carolina Raleigh, Georgia Atlanta,"
336,"Colorado Denver, Kentucky Frankfort, Iowa Des Moines, Oregon Salem, Wyoming Cheyenne, South Carolina Columbia, South Dakota",Pierre,"Pierre, Utah Salt Lake City, West Virginia Charl"
337,"New Jersey Trenton, Delaware Dover, New York Albany, Oregon Salem, Alaska Juneau, Oklahoma Oklahoma City, Pennsylvania",Harrisburg,"Harrisburg, Florida Tallahassee, North Carolina R"
338,"Maine Augusta, California Sacramento, Delaware Dover, Georgia Atlanta, Massachusetts Boston, Illinois Springfield, Pennsylvania",Harrisburg,"Harrisburg, Washington, D.C. Arlington"
339,"Louisiana Baton Rouge, Delaware Dover, Hawaii Honolulu, Oklahoma Oklahoma City, Vermont Montpelier, Kansas Topeka, Illinois",Springfield,"Springfield, Maine Augusta, Virginia Richmond, New Mexico"
340,"Georgia Atlanta, Indiana Indianapolis, Montana Helena, Connecticut Hartford, Minnesota St. Paul, New Jersey Trenton, Michigan",Lansing,"Lansing, North Carolina Raleigh, South Carolina"
341,"West Virginia Charleston, Alaska Juneau, Minnesota St. Paul, Iowa Des Moines, Massachusetts Boston, Delaware Dover, Washington",Olympia,"DC, Maryland Baltimore, Illinois Chicago, New Hampshire Con"
342,"Idaho Boise, West Virginia Charleston, Vermont Montpelier, Indiana Indianapolis, New Hampshire Concord, Arizona Phoenix, California",Sacramento,"Sacramento, California, California, California, California,"
343,"Michigan Lansing, Louisiana Baton Rouge, Iowa Des Moines, Ohio Columbus, Idaho Boise, New Jersey Trenton, New York",Albany,"Providence, North Carolina Raleigh, North Carolina Richmond"
344,"Rhode Island Providence, Indiana Indianapolis, New Mexico Santa Fe, Oregon Salem, Idaho Boise, North Carolina Raleigh, Florida",Tallahassee,"Jacksonville, Oklahoma Tulsa, New York Buffalo,"
345,"North Carolina Raleigh, Iowa Des Moines, Arkansas Little Rock, New Jersey Trenton, California Sacramento, New York Albany, Alaska",Juneau,"Anchorage, New York New York City, Kansas City"
346,"Utah Salt Lake City, Washington Olympia, Florida Tallahassee, Georgia Atlanta, Idaho Boise, Minnesota St. Paul, Louisiana",Baton Rouge,"Baton Rouge, Maine Augusta, Montana Hel"
347,"Mississippi Jackson, Arkansas Little Rock, Montana Helena, Kansas Topeka, Utah Salt Lake City, Oregon Salem, Maryland",Annapolis,"Baltimore, California Sacramento, Kansas City, Missouri Spring"
348,"Idaho Boise, Florida Tallahassee, Massachusetts Boston, North Carolina Raleigh, Indiana Indianapolis, Vermont Montpelier, California",Sacramento,"Sacramento, New Hampshire Concord, New York"
349,"Kentucky Frankfort, Idaho Boise, Illinois Springfield, Massachusetts Boston, Michigan Lansing, Mississippi Jackson, South Dakota",Pierre,"Pierre, Tennessee Nashville, Texas Austin, Utah Salt"
350,"Illinois Springfield, Delaware Dover, West Virginia Charleston, Georgia Atlanta, Nevada Carson City, Oklahoma Oklahoma City, Texas",Austin,"Austin, Texas
Riverside, California San Jose,"
351,"Nebraska Lincoln, Utah Salt Lake City, Kansas Topeka, Oregon Salem, Colorado Denver, Iowa Des Moines, Florida",Tallahassee,"Orlando, Washington, D.C.
Colorado"
352,"Hawaii Honolulu, Ohio Columbus, Vermont Montpelier, North Dakota Bismarck, Indiana Indianapolis, New Jersey Trenton, Minnesota",St. Paul,"St. Paul, New York Albany, Illinois Springfield"
353,"Virginia Richmond, Maryland Annapolis, Oklahoma Oklahoma City, Kansas Topeka, New Jersey Trenton, Mississippi Jackson, Maine",Augusta,"Portland, Utah Salt Lake City, Arizona Tuc"
354,"Rhode Island Providence, South Dakota Pierre, Maine Augusta, Oregon Salem, Oklahoma Oklahoma City, Mississippi Jackson, Pennsylvania",Harrisburg,"Harrisburg, Louisiana Baton Rouge, Nebraska"
355,"Louisiana Baton Rouge, Idaho Boise, Wyoming Cheyenne, Michigan Lansing, South Dakota Pierre, Arkansas Little Rock, Vermont",Montpelier,"Montpelier, California Sacramento, Washington, D"
356,"Mississippi Jackson, New Jersey Trenton, Vermont Montpelier, South Dakota Pierre, Virginia Richmond, Delaware Dover, Ohio",Columbus,"Columbus, Wisconsin Madison, Iowa Des Moines,"
357,"Alabama Montgomery, Idaho Boise, Nebraska Lincoln, Arizona Phoenix, Michigan Lansing, Rhode Island Providence, North Carolina",Raleigh,"Charlotte, New York Albany, New Mexico Santa Fe,"
358,"Indiana Indianapolis, Massachusetts Boston, Idaho Boise, Nevada Carson City, Ohio Columbus, South Dakota Pierre, Missouri",Jefferson City,"Jefferson City, Texas Austin, Utah Salt Lake City,"
359,"Delaware Dover, New York Albany, Mississippi Jackson, Georgia Atlanta, Vermont Montpelier, Nevada Carson City, Missouri",Jefferson City,"Jefferson City, Rhode Island Providence, New Mexico Santa"
360,"Connecticut Hartford, Indiana Indianapolis, Colorado Denver, Florida Tallahassee, Kentucky Frankfort, Iowa Des Moines, North Dakota",Bismarck,"Bismarck, Ohio Columbus, Oklahoma Oklahoma City"
361,"Minnesota St. Paul, Delaware Dover, Florida Tallahassee, New Hampshire Concord, Wyoming Cheyenne, New Jersey Trenton, Wisconsin",Madison,"Madison, Ohio Columbus, Iowa Des Moines,"
362,"Tennessee Nashville, South Dakota Pierre, New York Albany, Arkansas Little Rock, Washington Olympia, New Jersey Trenton, Michigan",Lansing,"Lansing, California Sacramento, Pennsylvania Harrisburg"
363,"Arizona Phoenix, South Carolina Columbia, Alaska Juneau, Massachusetts Boston, Colorado Denver, New Hampshire Concord, Kentucky",Frankfort,"Frankfort, Ohio Columbus, Indiana Indianapolis, Iowa"
364,"Connecticut Hartford, Alaska Juneau, Idaho Boise, Utah Salt Lake City, Vermont Montpelier, Massachusetts Boston, Pennsylvania",Harrisburg,"Philadelphia, Virginia Richmond, Wisconsin Milwaukee, Wy"
365,"Wyoming Cheyenne, Arizona Phoenix, California Sacramento, Maryland Annapolis, Nebraska Lincoln, Delaware Dover, Michigan",Lansing,"Lansing, New Jersey Trenton, New Mexico"
366,"South Carolina Columbia, North Dakota Bismarck, Arizona Phoenix, Missouri Jefferson City, Utah Salt Lake City, Iowa Des Moines, Vermont",Montpelier,"Burlington, Nebraska Lincoln, Virginia Richmond,"
367,"New York Albany, Massachusetts Boston, Nebraska Lincoln, Indiana Indianapolis, Virginia Richmond, Delaware Dover, California",Sacramento,"Sacramento, Washington, D.C.
W"
368,"Arkansas Little Rock, Massachusetts Boston, Mississippi Jackson, Nevada Carson City, North Carolina Raleigh, South Dakota Pierre, Nebraska",Lincoln,"Lincoln, Rhode Island Providence, New Mexico Santa Fe"
369,"Wyoming Cheyenne, North Dakota Bismarck, Colorado Denver, Louisiana Baton Rouge, Delaware Dover, Alabama Montgomery, South Dakota",Pierre,"Pierre, Missouri Jefferson City, North Dakota Helena,"
370,"New Jersey Trenton, Delaware Dover, South Dakota Pierre, Maine Augusta, Wyoming Cheyenne, Washington Olympia, Wisconsin",Madison,"Madison, West Virginia Charleston, Illinois Springfield"
371,"New Jersey Trenton, Missouri Jefferson City, Massachusetts Boston, Mississippi Jackson, Ohio Columbus, Nebraska Lincoln, North Carolina",Raleigh,"Wilmington, North Carolina
Cedar Rapids"
372,"Oklahoma Oklahoma City, Massachusetts Boston, Kentucky Frankfort, Oregon Salem, Nebraska Lincoln, Arizona Phoenix, Kansas",Topeka,"Topeka, Utah Salt Lake City, Illinois Spring"
373,"Hawaii Honolulu, Nevada Carson City, New Jersey Trenton, West Virginia Charleston, Massachusetts Boston, Ohio Columbus, Pennsylvania",Harrisburg,"Philadelphia, Pennsylvania Pittsburgh, Pennsylvania Harrisburg, Pennsylvania Sc"
374,"Arkansas Little Rock, New Jersey Trenton, North Dakota Bismarck, Nebraska Lincoln, Tennessee Nashville, Maryland Annapolis, Virginia",Richmond,"Hampton, Virginia Norfolk, Virginia Virginia Beach, Virginia"
375,"Idaho Boise, Missouri Jefferson City, Pennsylvania Harrisburg, Mississippi Jackson, South Carolina Columbia, Rhode Island Providence, Alabama",Montgomery,"Birmingham, Arizona Phoenix, Arkansas Little Rock, California"
376,"Arizona Phoenix, Vermont Montpelier, Florida Tallahassee, Oklahoma Oklahoma City, Minnesota St. Paul, Colorado Denver, New York",Albany,"Albany, New Jersey Trenton, Nevada Car"
377,"Georgia Atlanta, Idaho Boise, Nebraska Lincoln, New York Albany, Montana Helena, Utah Salt Lake City, Vermont",Montpelier,"Montpelier, Washington Olympia, West Virginia Charl"
378,"West Virginia Charleston, Tennessee Nashville, Florida Tallahassee, Alaska Juneau, Massachusetts Boston, Indiana Indianapolis, Washington",Olympia,"D.C. Washington, Ohio Columbus, Kentucky Louis"
379,"Colorado Denver, Hawaii Honolulu, Michigan Lansing, Massachusetts Boston, Missouri Jefferson City, New Hampshire Concord, West Virginia",Charleston,"Charleston, Wisconsin Madison
Students for"
380,"Florida Tallahassee, Georgia Atlanta, Massachusetts Boston, Kentucky Frankfort, Arkansas Little Rock, Missouri Jefferson City, Alaska",Juneau,"Juneau, Hawaii Honolulu, North Carolina R"
381,"Texas Austin, Kentucky Frankfort, Iowa Des Moines, South Dakota Pierre, Wyoming Cheyenne, Rhode Island Providence, Vermont",Montpelier,"Montpelier, Minnesota Saint Paul, South Carolina Columbia,"
382,"Montana Helena, Hawaii Honolulu, Washington Olympia, Utah Salt Lake City, Iowa Des Moines, Kentucky Frankfort, Pennsylvania",Harrisburg,"Harrisburg, Indiana Indianapolis, Indiana Richmond, West Virginia"
383,"Texas Austin, Ohio Columbus, Rhode Island Providence, Montana Helena, Mississippi Jackson, Georgia Atlanta, New York",Albany,"City, Philadelphia, Pittsburgh, Washington, D.C"
384,"Idaho Boise, New Jersey Trenton, Florida Tallahassee, Texas Austin, Georgia Atlanta, North Dakota Bismarck, Kansas",Topeka,"City, Missouri Springfield, Illinois, Illinois, Oklahoma City"
385,"Nebraska Lincoln, Arizona Phoenix, Delaware Dover, Pennsylvania Harrisburg, Missouri Jefferson City, Hawaii Honolulu, Kentucky",Frankfort,"Frankfort, Tennessee Nashville, Ohio Columbus, Illinois"
386,"Wyoming Cheyenne, South Dakota Pierre, Colorado Denver, Nevada Carson City, Nebraska Lincoln, Hawaii Honolulu, Oregon",Salem,"Salem, Washington Olympia, Montana Helena,"
387,"Minnesota St. Paul, Virginia Richmond, Tennessee Nashville, Washington Olympia, Oklahoma Oklahoma City, Delaware Dover, Nebraska",Lincoln,"Omaha, Ohio Toledo, Utah Salt"
388,"New Hampshire Concord, Colorado Denver, North Carolina Raleigh, Tennessee Nashville, Missouri Jefferson City, New Jersey Trenton, Alaska",Juneau,"Fairbanks, Washington Olympia, Washington Tacoma"
389,"New York Albany, Ohio Columbus, Wyoming Cheyenne, Rhode Island Providence, Mississippi Jackson, Washington Olympia, Texas",Austin,"Dallas, Mississippi
New York Albany, Ohio Columbus"
390,"North Carolina Raleigh, Iowa Des Moines, Oklahoma Oklahoma City, Virginia Richmond, Hawaii Honolulu, Ohio Columbus, Maine",Augusta,"Portland, Kentucky Louisville, North Carolina Raleigh"
391,"Mississippi Jackson, Georgia Atlanta, Minnesota St. Paul, Delaware Dover, Nevada Carson City, Wisconsin Madison, Kansas",Topeka,"Topeka, Maryland Annapolis, South Dakota Pierre"
392,"West Virginia Charleston, Idaho Boise, Illinois Springfield, Iowa Des Moines, Oklahoma Oklahoma City, North Carolina Raleigh, South Carolina",Columbia,"Columbia, Texas Houston, Virginia Richmond, Washington Seattle, Wisconsin"
393,"Indiana Indianapolis, Florida Tallahassee, Georgia Atlanta, California Sacramento, Iowa Des Moines, New York Albany, Kansas",Topeka,"Topeka, Louisiana Baton Rouge, Minnesota Saint"
394,"New Hampshire Concord, Indiana Indianapolis, Oklahoma Oklahoma City, Nevada Carson City, New York Albany, Idaho Boise, California",Sacramento,"Sacramento, California Fresno, California Bakers"
395,"Massachusetts Boston, Minnesota St. Paul, New Jersey Trenton, Kansas Topeka, North Dakota Bismarck, Arizona Phoenix, New Hampshire",Concord,"Concord, New Mexico Santa Fe, New York Albany"
396,"Washington Olympia, New Jersey Trenton, South Carolina Columbia, Arizona Phoenix, Wyoming Cheyenne, Wisconsin Madison, Oregon",Salem,"Salem, Nebraska Lincoln, Iowa Des Moines"
397,"North Carolina Raleigh, Hawaii Honolulu, Delaware Dover, Nevada Carson City, Utah Salt Lake City, South Carolina Columbia, Missouri",Jefferson City,"Jefferson City, District of Columbia Washington, Illinois Springfield,"
398,"Massachusetts Boston, Tennessee Nashville, Michigan Lansing, Arizona Phoenix, Washington Olympia, Louisiana Baton Rouge, Montana",Helena,"Helena, and New York Albany.
The National"
399,"Indiana Indianapolis, Arizona Phoenix, Ohio Columbus, New York Albany, Oklahoma Oklahoma City, Missouri Jefferson City, New Hampshire",Concord,"Concord, South Dakota Pierre, Florida Tallahas"
400,"New Mexico Santa Fe, Colorado Denver, Mississippi Jackson, South Carolina Columbia, Hawaii Honolulu, Nevada Carson City, Oregon",Salem,"Salem, Oregon Salem, Oregon
Santa Fe"
401,"Massachusetts Boston, California Sacramento, Washington Olympia, Colorado Denver, Indiana Indianapolis, North Carolina Raleigh, Montana",Helena,"Helena, New Hampshire Concord, New Jersey Tr"
402,"Arizona Phoenix, New Jersey Trenton, Louisiana Baton Rouge, West Virginia Charleston, Texas Austin, Utah Salt Lake City, California",Sacramento,"San Francisco, California Los Angeles, California San Diego, California"
403,"Maine Augusta, Florida Tallahassee, Iowa Des Moines, Wyoming Cheyenne, South Dakota Pierre, Arkansas Little Rock, Maryland",Annapolis,"Annapolis, Iowa Des Moines, Iowa, South Dak"
404,"Oklahoma Oklahoma City, Kansas Topeka, Vermont Montpelier, Wyoming Cheyenne, Massachusetts Boston, Michigan Lansing, New York",Albany,"Albany, North Carolina Raleigh, North Dakota"
405,"Missouri Jefferson City, Wyoming Cheyenne, Idaho Boise, Nebraska Lincoln, North Carolina Raleigh, Indiana Indianapolis, Wisconsin",Madison,"Milwaukee, Pennsylvania Philadelphia, Ohio Columbus,"
406,"South Carolina Columbia, Arkansas Little Rock, West Virginia Charleston, Michigan Lansing, New Jersey Trenton, Georgia Atlanta, Kansas",Topeka,"City, Missouri St. Louis, California Los Angeles, New"
407,"Hawaii Honolulu, Vermont Montpelier, Montana Helena, Minnesota St. Paul, Oklahoma Oklahoma City, Rhode Island Providence, Texas",Austin,"Austin, Utah Salt Lake City, Vermont Montpel"
408,"Indiana Indianapolis, Utah Salt Lake City, Wyoming Cheyenne, Maryland Annapolis, Louisiana Baton Rouge, Kansas Topeka, California",Sacramento,"Sacramento, Michigan Lansing, Minnesota St."
409,"Alabama Montgomery, New Jersey Trenton, Utah Salt Lake City, West Virginia Charleston, Mississippi Jackson, Montana Helena, Texas",Austin,"Austin, Oklahoma City, Oklahoma Oklahoma City, Texas, Oklahoma"
410,"Mississippi Jackson, Tennessee Nashville, West Virginia Charleston, Nebraska Lincoln, Oklahoma Oklahoma City, Kentucky Frankfort, Missouri",Jefferson City,"Jefferson City, Missouri Helena, Arkansas Little Rock,"
411,"Montana Helena, Maine Augusta, West Virginia Charleston, Georgia Atlanta, Iowa Des Moines, Wyoming Cheyenne, North Carolina",Raleigh,"Raleigh, Nebraska Omaha, Neb"
412,"Massachusetts Boston, Oklahoma Oklahoma City, West Virginia Charleston, Colorado Denver, Maine Augusta, Alaska Juneau, Connecticut",Hartford,"Hartford, District of Columbia Washington, Florida Tallahas"
413,"Arizona Phoenix, Massachusetts Boston, Rhode Island Providence, Illinois Springfield, Montana Helena, Washington Olympia, Michigan",Lansing,"Lansing, Texas Austin, South Carolina Columbia, Ut"
414,"Texas Austin, Arizona Phoenix, Rhode Island Providence, Delaware Dover, Montana Helena, Nebraska Lincoln, Kentucky",Frankfort,"Frankfort, Nevada Carson City, New Hampshire"
415,"Massachusetts Boston, Georgia Atlanta, Nevada Carson City, Wisconsin Madison, Indiana Indianapolis, Illinois Springfield, Michigan",Lansing,"Lansing, Missouri Jefferson City, Missouri Kansas City,"
416,"Oregon Salem, California Sacramento, Texas Austin, Mississippi Jackson, New Jersey Trenton, Georgia Atlanta, Nebraska",Lincoln,"Omaha, Illinois Chicago, Kansas City, Missouri St"
417,"Georgia Atlanta, Indiana Indianapolis, Maryland Annapolis, Michigan Lansing, Minnesota St. Paul, Wyoming Cheyenne, New Mexico",Santa Fe,"Santa Fe, New York Albany, Oklahoma Oklahoma City,"
418,"Hawaii Honolulu, Colorado Denver, Tennessee Nashville, New Hampshire Concord, Nebraska Lincoln, Kansas Topeka, Illinois",Springfield,"Springfield, Georgia Atlanta, New York New York City,"
419,"Texas Austin, Massachusetts Boston, Missouri Jefferson City, Ohio Columbus, Idaho Boise, Rhode Island Providence, New Mexico",Santa Fe,"Santa Fe, Oklahoma Oklahoma City, Oregon Salem, South"
420,"New York Albany, Arkansas Little Rock, Minnesota St. Paul, Utah Salt Lake City, Alaska Juneau, Indiana Indianapolis, Louisiana",Baton Rouge,"Baton Rouge, Louisiana Shreveport, Louisiana"
421,"Delaware Dover, Nevada Carson City, Colorado Denver, Mississippi Jackson, Oregon Salem, Louisiana Baton Rouge, Missouri",Jefferson City,"Jefferson City, Washington DC, District of Columbia Richmond, New"
422,"Kansas Topeka, Indiana Indianapolis, Massachusetts Boston, Connecticut Hartford, Louisiana Baton Rouge, Delaware Dover, Florida",Tallahassee,"Jacksonville, Georgia Atlanta, Hawaii Honolulu,"
423,"Arizona Phoenix, Nevada Carson City, Maryland Annapolis, Tennessee Nashville, Indiana Indianapolis, Michigan Lansing, Wisconsin",Madison,"Madison, Illinois Springfield, Illinois Jefferson City, Missouri"
424,"Arkansas Little Rock, Alabama Montgomery, Montana Helena, Hawaii Honolulu, Georgia Atlanta, Connecticut Hartford, Oregon",Salem,"Salem, Illinois Springfield, Kansas Topeka,"
425,"Oklahoma Oklahoma City, Massachusetts Boston, Mississippi Jackson, West Virginia Charleston, Alabama Montgomery, Florida Tallahassee, Maine",Augusta,"Augusta, Colorado Denver, Louisiana Baton Rouge"
426,"Montana Helena, Tennessee Nashville, Alabama Montgomery, Massachusetts Boston, South Dakota Pierre, New Jersey Trenton, West Virginia",Charleston,"Charleston, New York New York, South Dakota"
427,"Iowa Des Moines, Utah Salt Lake City, Georgia Atlanta, North Dakota Bismarck, South Dakota Pierre, New York Albany, Louisiana",Baton Rouge,"Baton Rouge, Florida Tallahassee, Pennsylvania"
428,"Connecticut Hartford, Washington Olympia, Massachusetts Boston, New York Albany, Hawaii Honolulu, Colorado Denver, Montana",Helena,"Helena, Utah Salt Lake City, Idaho Bo"
429,"Alabama Montgomery, Idaho Boise, Maryland Annapolis, North Carolina Raleigh, Delaware Dover, Oklahoma Oklahoma City, California",Sacramento,"Sacramento, Washington Olympia, Wisconsin Madison,"
430,"Illinois Springfield, Vermont Montpelier, Utah Salt Lake City, Wisconsin Madison, Rhode Island Providence, Colorado Denver, Washington",Olympia,"Olympia, Oregon Salem, Connecticut Hartford, Oklahoma"
431,"Georgia Atlanta, Arizona Phoenix, South Dakota Pierre, New Hampshire Concord, Massachusetts Boston, Vermont Montpelier, Nebraska",Lincoln,"Lincoln, Oklahoma Oklahoma City, Texas Austin, New Mexico Santa"
432,"Georgia Atlanta, North Dakota Bismarck, Wisconsin Madison, Colorado Denver, Nevada Carson City, Arizona Phoenix, New Hampshire",Concord,"Concord, South Dakota Pierre, North Dakota B"
433,"Vermont Montpelier, Arkansas Little Rock, Massachusetts Boston, South Dakota Pierre, Tennessee Nashville, South Carolina Columbia, New York",Albany,"Memphis, South Carolina Jackson, Alabama St. Louis"
434,"Washington Olympia, New Jersey Trenton, Rhode Island Providence, Maryland Annapolis, Colorado Denver, Minnesota St. Paul, Connecticut",Hartford,"Hartford, Wisconsin Madison, Pennsylvania Harrisburg, Massachusetts"
435,"Louisiana Baton Rouge, Hawaii Honolulu, Virginia Richmond, North Carolina Raleigh, Tennessee Nashville, Oklahoma Oklahoma City, Nevada",Carson City,"Las Vegas, New Jersey Newark, New Mexico Al"
436,"North Carolina Raleigh, Hawaii Honolulu, Montana Helena, Oklahoma Oklahoma City, Wisconsin Madison, Arizona Phoenix, Nebraska",Lincoln,"Omaha, South Dakota Sioux Falls,"
437,"Rhode Island Providence, Delaware Dover, Illinois Springfield, Hawaii Honolulu, Minnesota St. Paul, Washington Olympia, Oregon",Salem,"Salem, Kansas Topeka, Wisconsin Madison,"
438,"Arkansas Little Rock, Alaska Juneau, Massachusetts Boston, Idaho Boise, Montana Helena, Texas Austin, Missouri",Jefferson City,"St. Louis, Nevada Las Vegas, New Mexico"
439,"Louisiana Baton Rouge, New Jersey Trenton, Rhode Island Providence, Texas Austin, Delaware Dover, Michigan Lansing, North Dakota",Bismarck,"Bismarck, Ohio Columbus, Oklahoma Oklahoma City"
440,"Nevada Carson City, Tennessee Nashville, New Jersey Trenton, West Virginia Charleston, Delaware Dover, Louisiana Baton Rouge, Pennsylvania",Harrisburg,"Harrisburg, Massachusetts Boston, North Carolina Raleigh,"
441,"Tennessee Nashville, Oregon Salem, Rhode Island Providence, Indiana Indianapolis, Nevada Carson City, Ohio Columbus, Minnesota",St. Paul,"St. Paul, New York Albany, North Carolina R"
442,"Arkansas Little Rock, Rhode Island Providence, Iowa Des Moines, South Dakota Pierre, Florida Tallahassee, Illinois Springfield, Kansas",Topeka,"Topeka, North Dakota Bismarck,"
443,"Massachusetts Boston, Virginia Richmond, Kentucky Frankfort, Delaware Dover, Wyoming Cheyenne, Minnesota St. Paul, Alaska",Juneau,"Juneau, Connecticut Hartford, Oklahoma Oklahoma City, Louisiana"
444,"Washington Olympia, Nevada Carson City, Connecticut Hartford, Indiana Indianapolis, Colorado Denver, Arizona Phoenix, South Carolina",Columbia,"Columbia, Maryland Baltimore, Illinois Chicago, Tennessee Memphis"
445,"Texas Austin, Tennessee Nashville, Iowa Des Moines, New Mexico Santa Fe, Washington Olympia, Hawaii Honolulu, Ohio",Columbus,"Columbus, Wisconsin Madison, New Hampshire Concord"
446,"Mississippi Jackson, New Hampshire Concord, Wisconsin Madison, Oklahoma Oklahoma City, North Carolina Raleigh, Hawaii Honolulu, Nebraska",Lincoln,"Omaha, Minnesota Minneapolis, Ohio Cleveland,"
447,"New Hampshire Concord, Rhode Island Providence, Delaware Dover, Virginia Richmond, Arkansas Little Rock, New York Albany, Wisconsin",Madison,"Madison, Kentucky Frankfort, New Mexico Santa Fe,"
448,"New Hampshire Concord, Utah Salt Lake City, Mississippi Jackson, Vermont Montpelier, New Jersey Trenton, California Sacramento, West Virginia",Charleston,"
The State of New Hampshire is located in the New"
449,"Alaska Juneau, North Carolina Raleigh, Nebraska Lincoln, Utah Salt Lake City, Rhode Island Providence, New Jersey Trenton, New Hampshire",Concord,"Concord, South Dakota Pierre, South Carolina Columbia,"
450,"Tennessee Nashville, Florida Tallahassee, Georgia Atlanta, South Dakota Pierre, California Sacramento, Massachusetts Boston, Wisconsin",Madison,"Milwaukee, Oregon Portland, Minnesota Minne"
451,"Vermont Montpelier, Rhode Island Providence, Oregon Salem, Mississippi Jackson, Massachusetts Boston, California Sacramento, Pennsylvania",Harrisburg,", New York, Pennsylvania, Pennsylvania, Pennsylvania, Pennsylvania,"
452,"Kentucky Frankfort, California Sacramento, Wyoming Cheyenne, Vermont Montpelier, Utah Salt Lake City, Massachusetts Boston, Nevada",Carson City,"Carson City, New Hampshire Concord, Colorado Den"
453,"Washington Olympia, New Hampshire Concord, Georgia Atlanta, Utah Salt Lake City, Florida Tallahassee, Idaho Boise, Pennsylvania",Harrisburg,"Montpelier, New York Albany, Michigan Lans"
454,"Oklahoma Oklahoma City, Colorado Denver, Missouri Jefferson City, Idaho Boise, New Mexico Santa Fe, South Carolina Columbia, New Hampshire",Concord,"Concord, Maine Augusta, Minnesota St. Paul,"
455,"Colorado Denver, South Dakota Pierre, Alaska Juneau, Indiana Indianapolis, Mississippi Jackson, California Sacramento, Pennsylvania",Harrisburg,"Pittsburgh, California San Francisco, California San Diego, California"
456,"Nebraska Lincoln, Florida Tallahassee, Iowa Des Moines, New Jersey Trenton, Alabama Montgomery, Arizona Phoenix, New Hampshire",Concord,"Concord, Arkansas Little Rock, California Sacramento"
457,"Vermont Montpelier, Delaware Dover, Indiana Indianapolis, Nebraska Lincoln, Wyoming Cheyenne, Maryland Annapolis, Washington",Olympia,"D.C., Delaware Dover, Rhode Island"
458,"Illinois Springfield, Mississippi Jackson, Rhode Island Providence, Idaho Boise, North Carolina Raleigh, Pennsylvania Harrisburg, Oregon",Salem,"Salem, Utah Salt Lake City, Vermont Mont"
459,"Massachusetts Boston, Indiana Indianapolis, Michigan Lansing, New Mexico Santa Fe, Utah Salt Lake City, Montana Helena, North Carolina",Raleigh,"Raleigh, Ohio Columbus, Oklahoma Oklahoma City,"
460,"Delaware Dover, Texas Austin, Tennessee Nashville, Michigan Lansing, Georgia Atlanta, Missouri Jefferson City, West Virginia",Charleston,"Charleston, Kentucky Frankfort, Kentucky
Camp"
461,"Alabama Montgomery, Iowa Des Moines, Michigan Lansing, Rhode Island Providence, Arizona Phoenix, Montana Helena, Nevada",Carson City,"Carson City, New Hampshire Concord, New Jersey"
462,"Alabama Montgomery, Vermont Montpelier, Oklahoma Oklahoma City, South Carolina Columbia, Iowa Des Moines, Mississippi Jackson, Wisconsin",Madison,"Madison, Wisconsin Milwaukee, Nebraska"
463,"Ohio Columbus, New Mexico Santa Fe, Michigan Lansing, Oklahoma Oklahoma City, Rhode Island Providence, Iowa Des Moines, Kentucky",Frankfort,"Louisville, Illinois Springfield, Indiana Indianapolis, Iowa"
464,"Massachusetts Boston, Indiana Indianapolis, New Mexico Santa Fe, Delaware Dover, Kansas Topeka, Texas Austin, Virginia",Richmond,"Richmond, New York New York City, North Carolina Rale"
465,"Nevada Carson City, California Sacramento, Tennessee Nashville, Minnesota St. Paul, Colorado Denver, Georgia Atlanta, New Hampshire",Concord,"Concord, South Carolina Columbia, Louisiana Baton Rouge"
466,"Iowa Des Moines, North Carolina Raleigh, Rhode Island Providence, Wyoming Cheyenne, New Mexico Santa Fe, Pennsylvania Harrisburg, Ohio",Columbus,"Columbus, Ohio Toledo, Ohio Cleveland, Ohio"
467,"Delaware Dover, Georgia Atlanta, South Carolina Columbia, Arizona Phoenix, Texas Austin, Pennsylvania Harrisburg, New Mexico",Santa Fe,"Albuquerque, New Mexico Oklahoma City, Oklahoma Las"
468,"Wyoming Cheyenne, Connecticut Hartford, Wisconsin Madison, South Dakota Pierre, Indiana Indianapolis, Tennessee Nashville, Kentucky",Frankfort,"Louisville, Minnesota Minneapolis, Iowa Des Moines"
469,"Montana Helena, Connecticut Hartford, Oklahoma Oklahoma City, Arizona Phoenix, New Hampshire Concord, Iowa Des Moines, Kansas",Topeka,"Topeka, Minnesota Saint Paul, New Mexico Santa Fe"
470,"New Jersey Trenton, Alaska Juneau, South Carolina Columbia, Alabama Montgomery, Arkansas Little Rock, Hawaii Honolulu, Washington",Olympia,"DC, Virginia Beach, Maryland, West Virginia, New York"
471,"Florida Tallahassee, New Mexico Santa Fe, New Jersey Trenton, Wyoming Cheyenne, Arkansas Little Rock, Connecticut Hartford, Ohio",Columbus,"Columbus, South Carolina Columbia, Indiana Indianapolis, Louisiana"
472,"Idaho Boise, Arizona Phoenix, Georgia Atlanta, Connecticut Hartford, Michigan Lansing, New York Albany, Wisconsin",Madison,"Madison, Nebraska Omaha, North Dak"
473,"Michigan Lansing, Vermont Montpelier, Georgia Atlanta, Hawaii Honolulu, Ohio Columbus, Mississippi Jackson, Kansas",Topeka,"Topeka, Missouri Jefferson City, Minnesota St. Paul"
474,"Idaho Boise, Pennsylvania Harrisburg, Arkansas Little Rock, Virginia Richmond, Connecticut Hartford, Mississippi Jackson, North Carolina",Raleigh,"Raleigh, New Mexico Albuquerque, Minnesota"
475,"New Hampshire Concord, Hawaii Honolulu, Illinois Springfield, Florida Tallahassee, Georgia Atlanta, New Jersey Trenton, Oregon",Salem,"Salem, Pennsylvania Harrisburg, Rhode Island Providence"
476,"Washington Olympia, Illinois Springfield, Mississippi Jackson, Missouri Jefferson City, New Jersey Trenton, Hawaii Honolulu, Vermont",Montpelier,"Montpelier, Indiana Indianapolis, Kentucky Frankfort,"
477,"North Dakota Bismarck, Rhode Island Providence, Wisconsin Madison, Arkansas Little Rock, Wyoming Cheyenne, West Virginia Charleston, Florida",Tallahassee,"Tallahassee, New Mexico Santa Fe, Montana"
478,"Rhode Island Providence, Florida Tallahassee, Oklahoma Oklahoma City, New Mexico Santa Fe, Utah Salt Lake City, Minnesota St. Paul, Alabama",Montgomery,"Birmingham, Tennessee Memphis, Tennessee Nashville,"
479,"New Hampshire Concord, New York Albany, Vermont Montpelier, Arkansas Little Rock, Iowa Des Moines, Indiana Indianapolis, Kansas",Topeka,"City, Missouri Springfield, Illinois Springfield, Illinois Spring"
480,"Colorado Denver, West Virginia Charleston, Indiana Indianapolis, Maryland Annapolis, Delaware Dover, Virginia Richmond, Texas",Austin,"Austin, Missouri Columbia, Oregon Salem, Oklahoma Oklahoma City"
481,"Hawaii Honolulu, South Dakota Pierre, Nebraska Lincoln, Pennsylvania Harrisburg, Rhode Island Providence, Indiana Indianapolis, Washington",Olympia,", D.C.
The Hawaii State Archives has"
482,"California Sacramento, Missouri Jefferson City, Oklahoma Oklahoma City, New York Albany, Mississippi Jackson, New Jersey Trenton, South Dakota",Pierre,"Pierre, West Virginia Charleston, Washington Olympia,"
483,"Kentucky Frankfort, New Jersey Trenton, Colorado Denver, Tennessee Nashville, Illinois Springfield, California Sacramento, New Hampshire",Concord,"Manchester, Pennsylvania Pittsburgh, South Carolina Columbia, Texas Austin"
484,"Nevada Carson City, Indiana Indianapolis, Hawaii Honolulu, Michigan Lansing, Tennessee Nashville, Illinois Springfield, South Carolina",Columbia,"Columbia, Minnesota St. Paul, Pennsylvania Harrisburg, Georgia"
485,"Mississippi Jackson, California Sacramento, Nevada Carson City, Delaware Dover, North Carolina Raleigh, Arkansas Little Rock, Pennsylvania",Harrisburg,"Harrisburg, New York Albany, Washington Olympia,"
486,"North Carolina Raleigh, Alabama Montgomery, Mississippi Jackson, Florida Tallahassee, Rhode Island Providence, Colorado Denver, South Carolina",Columbia,"Columbia, Arizona Phoenix, Indiana Indianapolis, Illinois Louisville"
487,"Pennsylvania Harrisburg, Utah Salt Lake City, Hawaii Honolulu, Illinois Springfield, Delaware Dover, Wisconsin Madison, Michigan",Lansing,"Lansing, Tennessee Nashville, Indiana Indianapolis,"
488,"New Jersey Trenton, New Mexico Santa Fe, South Dakota Pierre, Montana Helena, Utah Salt Lake City, Rhode Island Providence, Alaska",Juneau,"Anchorage, Virginia Beach, West Virginia Charleston"
489,"Massachusetts Boston, Delaware Dover, Virginia Richmond, Oklahoma Oklahoma City, Missouri Jefferson City, Illinois Springfield, South Dakota",Pierre,"Pierre, Wisconsin Madison, California Sacramento, Ut"
490,"Colorado Denver, Illinois Springfield, Michigan Lansing, Tennessee Nashville, West Virginia Charleston, Utah Salt Lake City, Nebraska",Lincoln,"Lincoln, Oklahoma Norman, Texas San Antonio, Texas Waco"
491,"Oregon Salem, New Jersey Trenton, Virginia Richmond, Hawaii Honolulu, Nevada Carson City, Indiana Indianapolis, Ohio",Columbus,"Columbus, Ohio Toledo, Ohio Akron,"
492,"North Dakota Bismarck, Arizona Phoenix, Michigan Lansing, Minnesota St. Paul, Oklahoma Oklahoma City, Utah Salt Lake City, Connecticut",Hartford,"Hartford, Indiana Indianapolis, Iowa Des Moines,"
493,"Arkansas Little Rock, New Jersey Trenton, Utah Salt Lake City, Illinois Springfield, Vermont Montpelier, Nevada Carson City, Texas",Austin,"Austin, Wisconsin Madison, Wisconsin Milwaukee,"
494,"Rhode Island Providence, Kansas Topeka, New York Albany, Iowa Des Moines, Hawaii Honolulu, Pennsylvania Harrisburg, Alabama",Montgomery,"Montgomery, Utah Salt Lake City, Colorado Den"
495,"Virginia Richmond, Illinois Springfield, Idaho Boise, Iowa Des Moines, Georgia Atlanta, Maine Augusta, South Dakota",Pierre,"Pierre, South Dakota
Our goal is to provide"
496,"Alabama Montgomery, New Hampshire Concord, Utah Salt Lake City, Hawaii Honolulu, Nebraska Lincoln, Delaware Dover, West Virginia",Charleston,"Charleston, New Jersey Trenton, North Carolina"
497,"New Jersey Trenton, Indiana Indianapolis, Massachusetts Boston, North Dakota Bismarck, Maine Augusta, New York Albany, Wisconsin",Madison,"Madison, New York New York, New York New York"
498,"Kansas Topeka, Arizona Phoenix, New York Albany, Wyoming Cheyenne, Georgia Atlanta, Nevada Carson City, Kentucky",Frankfort,"Frankfort, Tennessee Nashville, Texas Austin, Colorado Den"
499,"Tennessee Nashville, Ohio Columbus, South Carolina Columbia, New Hampshire Concord, Oklahoma Oklahoma City, Arkansas Little Rock, Connecticut",Hartford,"Hartford, Washington D.C. Washington, Texas Austin"
